site,distance_miles,speed_mph
small_town_site,1.195517804,21.519320472000004
small_town_site,1.195517804,21.519320472000004
small_town_site,1.195517804,21.519320472000004
small_town_site,1.195517804,21.519320472000004
small_town_site,1.195517804,21.519320472000004
small_town_site,1.195517804,21.519320472000004
small_town_site,2.313985604,17.427506641004186
small_town_site,2.523387631,18.964917477244256
small_town_site,2.523387631,18.964917477244256
small_town_site,2.888132408,21.981557439323467
small_town_site,2.888132408,21.981557439323467
small_town_site,2.950890879,26.691475287437186
small_town_site,2.950890879,26.691475287437186
small_town_site,2.950890879,26.691475287437186
small_town_site,2.950890879,26.691475287437186
small_town_site,2.950890879,26.691475287437186
small_town_site,2.950890879,26.691475287437186
small_town_site,2.950890879,26.691475287437186
small_town_site,2.950890879,26.691475287437186
small_town_site,3.127981614,26.68420334218009
small_town_site,3.127981614,26.68420334218009
small_town_site,3.372180417,32.5465134080429
small_town_site,3.372180417,32.5465134080429
small_town_site,3.372180417,32.5465134080429
small_town_site,3.460415099,22.691246550819674
small_town_site,3.460415099,22.691246550819674
small_town_site,3.632534866,31.284989276555024
small_town_site,3.632534866,31.284989276555024
small_town_site,3.632534866,31.284989276555024
small_town_site,3.632534866,31.284989276555024
small_town_site,3.633156237,31.29034079712919
small_town_site,3.633156237,31.29034079712919
small_town_site,3.673545352,19.250019311790393
small_town_site,3.673545352,19.250019311790393
small_town_site,3.673545352,19.250019311790393
small_town_site,3.673545352,19.250019311790393
small_town_site,3.674788094,19.256531496943232
small_town_site,3.674788094,19.256531496943232
small_town_site,3.674788094,19.256531496943232
small_town_site,3.674788094,19.256531496943232
small_town_site,3.674788094,19.256531496943232
small_town_site,3.674788094,19.256531496943232
small_town_site,3.8282667310000003,28.416000477525778
small_town_site,3.8525002,40.31686255813953
small_town_site,3.8525002,40.31686255813953
small_town_site,3.969939319,35.55169539402985
small_town_site,3.969939319,35.55169539402985
small_town_site,4.031455048,30.554185626947366
small_town_site,4.031455048,30.554185626947366
small_town_site,4.031455048,30.554185626947366
small_town_site,4.031455048,30.554185626947366
small_town_site,4.032076419,30.55889496505263
small_town_site,4.032076419,30.55889496505263
small_town_site,4.032076419,30.55889496505263
small_town_site,4.032076419,30.55889496505263
small_town_site,4.032076419,30.55889496505263
small_town_site,4.032076419,30.55889496505263
small_town_site,4.083650212,28.825766202352945
small_town_site,4.083650212,28.825766202352945
small_town_site,4.083650212,28.825766202352945
small_town_site,4.273168367,41.353242261290326
small_town_site,4.350839742,24.901467521780603
small_town_site,4.350839742,24.901467521780603
small_town_site,4.350839742,24.901467521780603
small_town_site,4.366374017,36.985756379294116
small_town_site,4.4546086990000004,29.863298540782125
small_town_site,4.4546086990000004,26.772272648414024
small_town_site,4.455851441,29.87162977206704
small_town_site,4.555270801,26.883565382950817
small_town_site,4.555270801,26.883565382950817
small_town_site,4.555270801,26.883565382950817
small_town_site,4.621136127,42.11668368911392
small_town_site,4.645369596,20.774323659130435
small_town_site,4.675195404,24.392323846956522
small_town_site,4.675195404,24.392323846956522
small_town_site,4.6932151630000005,24.2056942504298
small_town_site,4.721798229,22.45505102298547
small_town_site,4.736089762,32.35279533814041
small_town_site,4.749759924,33.72610596923077
small_town_site,4.913180497,30.183361415017064
small_town_site,4.913801868,30.187178711262803
small_town_site,5.029376874,31.764485520000004
small_town_site,5.055474456,31.4873841550173
small_town_site,5.061066795,43.072908893617026
small_town_site,5.07660107,35.011041862068964
small_town_site,5.07660107,35.011041862068964
small_town_site,5.07660107,35.011041862068964
small_town_site,5.085300264,35.5477300007767
small_town_site,5.090271232,35.51352022325581
small_town_site,5.160486155,34.40324103333334
small_town_site,5.161107526,34.40738350666667
small_town_site,5.228215594,35.850621216
small_town_site,5.268604709,29.682280050704225
small_town_site,5.26922608,29.685780732394367
small_town_site,5.26922608,29.685780732394367
small_town_site,5.3127220500000005,29.652402139534885
small_town_site,5.322663986,36.08585753220339
small_town_site,5.323906728,36.09428290169492
small_town_site,5.3437906,27.24879059490085
small_town_site,5.3437906,27.24879059490085
small_town_site,5.3437906,27.24879059490085
small_town_site,5.3437906,27.24879059490085
small_town_site,5.354975278,35.17866970948905
small_town_site,5.367402698,27.176722521518986
small_town_site,5.469928913,31.356280392993632
small_town_site,5.469928913,31.356280392993632
small_town_site,5.470550284,31.309985727186007
small_town_site,5.470550284,31.309985727186007
small_town_site,5.476763994,31.95518699902755
small_town_site,5.485463188,27.73548802921348
small_town_site,5.489812785,30.219152944954125
small_town_site,5.489812785,30.219152944954125
small_town_site,5.546357546,31.3944766754717
small_town_site,5.6830591660000005,29.607833571056442
small_town_site,5.742089411,36.32956393602812
small_town_site,5.755759573,39.0220988
small_town_site,5.755759573,39.0220988
small_town_site,5.755759573,39.0220988
small_town_site,5.7576236860000005,29.27605264067797
small_town_site,5.7576236860000005,29.27605264067797
small_town_site,5.7638373960000004,36.33943016742557
small_town_site,5.799876914,39.84648261526718
small_town_site,5.852072078,30.1394270111588
small_town_site,5.852072078,30.1394270111588
small_town_site,5.852072078,30.1394270111588
small_town_site,5.852072078,30.1394270111588
small_town_site,5.856421675,29.040107479338843
small_town_site,5.951491438,34.668882163106794
small_town_site,5.963918858,30.497312342045454
small_town_site,5.97137531,30.0656658965035
small_town_site,5.97137531,30.0656658965035
small_town_site,5.97137531,30.0656658965035
small_town_site,5.9726180520000005,30.071923059020982
small_town_site,6.004929344,27.398917158935358
small_town_site,6.011764425,36.4963776222597
small_town_site,6.065823702,30.371300872322674
small_town_site,6.071416041,30.526672831843573
small_town_site,6.072037412,30.487217131380756
small_town_site,6.145980561,29.980392980487807
small_town_site,6.145980561,29.980392980487807
small_town_site,6.155301126,29.310957742857145
small_town_site,6.1726995140000005,26.173990872084808
small_town_site,6.183884192,29.292083014736843
small_town_site,6.374645089,29.421438872307693
small_town_site,6.433053963,33.56375980695652
small_town_site,6.433675334,32.393330353006995
small_town_site,6.668553572,34.79245341913043
small_town_site,6.733176156,32.362395409345794
small_town_site,6.733176156,32.362395409345794
small_town_site,6.846265678,32.73115065179283
small_town_site,6.846265678,32.73115065179283
small_town_site,6.846265678,32.73115065179283
small_town_site,6.846265678,32.73115065179283
small_town_site,6.849993904,33.550990550204084
small_town_site,6.873606002,17.43832389513742
small_town_site,6.895975358,32.07430399069768
small_town_site,7.0072007670000005,34.043080649392714
small_town_site,7.013414477,32.12250905496184
small_town_site,7.089221739,36.149006034560905
small_town_site,7.089221739,36.149006034560905
small_town_site,7.089221739,36.149006034560905
small_town_site,7.104756014,31.772821925962734
small_town_site,7.16440763,32.40184355276382
small_town_site,7.17683505,17.087702500000002
small_town_site,7.229651585,17.07791712992126
small_town_site,7.229651585,17.07791712992126
small_town_site,7.229651585,17.07791712992126
small_town_site,7.281225378,17.03210614736842
small_town_site,7.281225378,17.03210614736842
small_town_site,7.281225378,17.03210614736842
small_town_site,7.281225378,17.03210614736842
small_town_site,7.281225378,17.03210614736842
small_town_site,7.293031427,30.14341347554535
small_town_site,7.293031427,30.14341347554535
small_town_site,7.293031427,30.14341347554535
small_town_site,7.29489554,31.488757726618704
small_town_site,7.346469333,39.95058851782478
small_town_site,7.346469333,39.95058851782478
small_town_site,7.346469333,39.95058851782478
small_town_site,7.346469333,39.95058851782478
small_town_site,7.346469333,39.95058851782478
small_town_site,7.49994797,16.770069995031054
small_town_site,7.49994797,16.770069995031054
small_town_site,7.542201198,16.729466612939003
small_town_site,7.542201198,16.729466612939003
small_town_site,7.623600799,16.593085173155988
small_town_site,7.623600799,16.593085173155988
small_town_site,7.63664959,29.40314280641711
small_town_site,7.63664959,29.40314280641711
small_town_site,7.63664959,29.40314280641711
small_town_site,7.7310979820000005,37.55999019595142
small_town_site,7.764030645,41.346908760355035
small_town_site,7.764030645,41.346908760355035
small_town_site,7.764030645,41.346908760355035
small_town_site,7.80441976,38.434898954856365
small_town_site,7.80441976,38.434898954856365
small_town_site,8.103920582,32.09473497821782
small_town_site,8.104541953,32.097195853465344
small_town_site,8.294681479,32.74216373289473
small_town_site,8.294681479,32.74216373289473
small_town_site,8.294681479,32.74216373289473
small_town_site,8.294681479,32.74216373289473
small_town_site,8.294681479,32.74216373289473
small_town_site,8.59356093,28.93996197193639
small_town_site,8.59356093,28.93996197193639
small_town_site,8.664397224,31.95884221967213
small_town_site,8.664397224,31.95884221967213
small_town_site,8.664397224,31.95884221967213
small_town_site,8.664397224,31.95884221967213
small_town_site,8.664397224,31.95884221967213
small_town_site,8.700436742,52.202620452000005
small_town_site,8.703543597,52.221261582
small_town_site,8.813526264,35.530453023964164
small_town_site,8.816011748,35.50071844832215
small_town_site,8.816011748,35.50071844832215
small_town_site,8.945256916,52.53331957194127
small_town_site,8.945878287,52.53696873278955
small_town_site,8.945878287,52.53696873278955
small_town_site,9.029763372,38.064576275409834
small_town_site,9.029763372,38.064576275409834
small_town_site,9.037219824000001,35.40151400043526
small_town_site,9.15900854,32.67832581169475
small_town_site,9.270233949,38.49232089550173
small_town_site,9.270233949,38.49232089550173
small_town_site,9.270233949,38.49232089550173
small_town_site,9.270233949,38.49232089550173
small_town_site,9.270233949,38.49232089550173
small_town_site,9.303787983,35.108633898113204
small_town_site,9.496412993,35.063678743384614
small_town_site,9.496412993,35.063678743384614
small_town_site,9.503248074,43.97389854293059
small_town_site,9.503869445,43.976773781491
small_town_site,9.506354929,43.98827473573265
small_town_site,9.524374688,43.90236731984635
small_town_site,9.611366628,35.855875503419696
small_town_site,9.611366628,38.92116969718786
small_town_site,9.617580338,35.84191430310559
small_town_site,9.670396873,53.4768490672811
small_town_site,9.674125099,53.41541465705521
small_town_site,9.682202922,35.243610231749244
small_town_site,9.70581502,35.98448411122554
small_town_site,9.715135585,24.338544263048018
small_town_site,9.715135585,24.338544263048018
small_town_site,9.723213408,37.31723696034115
small_town_site,9.723834779,37.31962175309169
small_town_site,9.90465374,39.92917521164614
small_town_site,9.90465374,39.92917521164614
small_town_site,9.90465374,39.92917521164614
small_town_site,9.90465374,39.92917521164614
small_town_site,9.90465374,39.92917521164614
small_town_site,9.925158983,24.158601987018255
small_town_site,9.98543197,40.209793167785236
small_town_site,9.986674712000001,40.21479749798658
small_town_site,9.987296083,40.21729966308725
small_town_site,10.135182381,38.65111924957627
small_town_site,10.135182381,38.65111924957627
small_town_site,10.170600528,34.25085304097287
small_town_site,10.191727142,43.52338993024911
small_town_site,10.196076739,29.721357295870448
small_town_site,10.196076739,29.721357295870448
small_town_site,10.209746901,43.445731493617025
small_town_site,10.214717869,27.62808739924868
small_town_site,10.238951338,54.047250464516125
small_town_site,10.263184807,42.862488753132254
small_town_site,10.274990856,33.53578157896646
small_town_site,10.275612227,33.53780962574796
small_town_site,10.285554163,24.185496398954935
small_town_site,10.311651745,37.534829405460066
small_town_site,10.312273116,37.537091221031346
small_town_site,10.322836423,41.99119900881356
small_town_site,10.322836423,41.99119900881356
small_town_site,10.322836423,41.99119900881356
small_town_site,10.322836423,41.99119900881356
small_town_site,10.344584408,36.58202737603143
small_town_site,10.361982796,33.01162660672566
small_town_site,10.361982796,33.01162660672566
small_town_site,10.361982796,33.01162660672566
small_town_site,10.361982796,33.01162660672566
small_town_site,10.361982796,33.01162660672566
small_town_site,10.375031587,38.94693817851929
small_town_site,10.375031587,38.94693817851929
small_town_site,10.381245297,40.14230190032223
small_town_site,10.408585621,47.1925796418136
small_town_site,10.424119896,47.20356179320755
small_town_site,10.424119896,47.20356179320755
small_town_site,10.424119896,47.20356179320755
small_town_site,10.424119896,47.20356179320755
small_town_site,10.454567075,39.53407717436975
small_town_site,10.454567075,39.53407717436975
small_town_site,10.466994495,39.04785511088083
small_town_site,10.466994495,39.04785511088083
small_town_site,10.496820303,44.98637272714286
small_town_site,10.539694902,35.96483568454976
small_town_site,10.539694902,35.96483568454976
small_town_site,10.636007407000001,54.466040775533436
small_town_site,10.636007407000001,54.466040775533436
small_town_site,10.6875812,44.738712
small_town_site,10.694416281,48.42754542339623
small_town_site,10.718028379,44.658451579166666
small_town_site,10.750961042,35.31337568540146
small_town_site,10.750961042,35.31337568540146
small_town_site,10.750961042,35.31337568540146
small_town_site,10.801292093,39.84083149057377
small_town_site,10.811234029,39.8366862890481
small_town_site,10.837952982000001,33.46194745728988
small_town_site,10.88641992,38.611932721182264
small_town_site,10.889526775,23.376443881932023
small_town_site,10.889526775,23.376443881932023
small_town_site,10.940479197,29.905637896127562
small_town_site,10.940479197,29.905637896127562
small_town_site,10.959741698,32.52685087617478
small_town_site,10.995159845,34.41963081913044
small_town_site,11.038034444000001,36.42247845866178
small_town_site,11.115084448000001,42.25375291742345
small_town_site,11.24060139,46.7276732147806
small_town_site,11.274776795000001,47.921129234946875
small_town_site,11.274776795000001,47.921129234946875
small_town_site,11.274776795000001,47.921129234946875
small_town_site,11.338778008,34.9183924968349
small_town_site,11.405264705,30.168224054371787
small_town_site,11.454974385,22.795968925373135
small_town_site,11.472372773,22.780221722448978
small_town_site,11.533267131,44.78938691650485
small_town_site,11.533267131,44.78938691650485
small_town_site,11.536373986000001,33.22475707968
small_town_site,11.536373986000001,33.22475707968
small_town_site,11.536373986000001,33.22475707968
small_town_site,11.536373986000001,33.22475707968
small_town_site,11.550665519,41.089323980632415
small_town_site,11.579869956,32.315916156279066
small_town_site,11.579869956,32.315916156279066
small_town_site,11.600375199,33.40908057312
small_town_site,11.664376412000001,33.62030030680545
small_town_site,11.664376412000001,33.62030030680545
small_town_site,11.664376412000001,33.62030030680545
small_town_site,11.744533271,37.85167392623098
small_town_site,11.744533271,37.85167392623098
small_town_site,11.753853836,43.80318199751553
small_town_site,11.756960691,33.11819912957746
small_town_site,11.881234891,45.02362695536842
small_town_site,11.881234891,45.02362695536842
small_town_site,11.990596187,38.06538472063492
small_town_site,11.990596187,38.06538472063492
small_town_site,11.999916752,38.027905200000006
small_town_site,12.063917965,42.37083382829268
small_town_site,12.063917965,42.37083382829268
small_town_site,12.063917965,42.37083382829268
small_town_site,12.131026033,43.67169371879999
small_town_site,12.1788716,41.9559213014354
small_town_site,12.1788716,41.9559213014354
small_town_site,12.757989372,38.88972204843353
small_town_site,12.956206721000001,45.727788427058826
small_town_site,13.031392612,20.980775225044724
small_town_site,13.047548258,20.97863945011166
small_town_site,13.222153509,26.877330678938453
small_town_site,13.222774880000001,26.87859377075099
small_town_site,13.240794639,34.61645657254902
small_town_site,13.247008349,34.607568981422354
small_town_site,13.332757547,30.827185079768785
small_town_site,13.332757547,30.827185079768785
small_town_site,13.403593841000001,46.84751245398059
small_town_site,13.530974896,36.76340349101886
small_town_site,13.704337405,36.19634237564197
small_town_site,13.704337405,36.19634237564197
small_town_site,13.715522083,45.84575626629526
small_town_site,13.823640637,30.178960759975745
small_town_site,13.890127334,24.76694324041605
small_town_site,14.064732585,41.2993779004894
small_town_site,14.064732585,41.2993779004894
small_town_site,14.213240254,28.17602693524229
small_town_site,14.222560819,29.959753626916324
small_town_site,14.222560819,29.959753626916324
small_town_site,14.222560819,29.959753626916324
small_town_site,14.222560819,29.959753626916324
small_town_site,14.222560819,29.959753626916324
small_town_site,14.385981392,40.334527267289715
small_town_site,14.44687575,46.602825
small_town_site,14.452468089,46.62086480322581
small_town_site,14.663112858,29.457146366517858
small_town_site,14.663112858,29.457146366517858
small_town_site,14.663112858,29.457146366517858
small_town_site,14.663112858,29.457146366517858
small_town_site,14.663734229000001,29.458394656473217
small_town_site,14.702259231000001,27.509424756548857
small_town_site,14.810377785,36.19644265173116
small_town_site,14.824669318,36.15773004390244
small_town_site,14.825290689000001,36.159245582926836
small_town_site,14.82591206,36.160761121951225
small_town_site,14.82591206,36.160761121951225
small_town_site,14.841446335,53.00516548214286
small_town_site,14.854495126,34.567668037233354
small_town_site,15.014808844000001,37.04819180150788
small_town_site,15.019779812,34.39644231755725
small_town_site,15.019779812,34.39644231755725
small_town_site,15.085645138,29.26094962112069
small_town_site,15.091237477,29.256033881098546
small_town_site,15.208676596,35.27785808350515
small_town_site,15.208676596,35.27785808350515
small_town_site,15.359048378,39.410245303492516
small_town_site,15.364640717,49.51898530098478
small_town_site,15.370854427000001,49.5390115820949
small_town_site,15.395709267,34.836300038466376
small_town_site,15.415593139,31.62172951589744
small_town_site,15.419321365,31.611364985193624
small_town_site,15.419942736,46.337056635726206
small_town_site,15.446661689,23.247484147324418
small_town_site,15.489536288,42.5017764
small_town_site,15.492643143,42.51030130701219
small_town_site,15.544216936,45.38457499562043
small_town_site,15.558508469,42.432295824545456
small_town_site,15.558508469,42.432295824545456
small_town_site,15.616295972,40.708664373062994
small_town_site,15.654199603,38.00075426217128
small_town_site,15.654199603,38.00075426217128
small_town_site,15.663520168,35.66645958557875
small_town_site,15.687132266,26.45137056562061
small_town_site,15.687753637,26.452418310632318
small_town_site,15.687753637,26.452418310632318
small_town_site,15.761075415,42.09189279970326
small_town_site,15.761075415,42.09189279970326
small_town_site,15.769774609,34.74368946903305
small_town_site,15.769774609,34.74368946903305
small_town_site,15.769774609,34.74368946903305
small_town_site,15.769774609,34.74368946903305
small_town_site,15.769774609,34.74368946903305
small_town_site,15.773502835,42.28191377959792
small_town_site,15.791522594,30.796035394582884
small_town_site,15.791522594,30.796035394582884
small_town_site,15.791522594,30.796035394582884
small_town_site,15.809542353,30.4680687745182
small_town_site,15.809542353,30.4680687745182
small_town_site,15.809542353,30.4680687745182
small_town_site,15.848688726,36.59735690416934
small_town_site,15.904612116000001,40.464030825159014
small_town_site,15.910204455,40.44967234322034
small_town_site,15.948729457,44.06402612831926
small_town_site,15.949350828,44.06574288626247
small_town_site,15.95680728,39.781513994459836
small_town_site,15.958671393,39.75862769190311
small_town_site,16.030129058,29.013808249773756
small_town_site,16.030129058,29.013808249773756
small_town_site,16.064925834,39.69370830638298
small_town_site,16.064925834,39.69370830638298
small_town_site,16.122091966,40.901713232980974
small_town_site,16.315338347,39.499137894552796
small_town_site,16.481865775,32.945428534147695
small_town_site,16.547731101,35.650408117055655
small_town_site,16.662063365,33.92727834502263
small_town_site,16.662063365,33.92727834502263
small_town_site,16.755269015,29.68453171948819
small_town_site,16.844746439,34.61249268287671
small_town_site,16.844746439,34.61249268287671
small_town_site,16.85158152,27.777332175824174
small_town_site,16.85158152,27.777332175824174
small_town_site,16.941058944,34.91002415477963
small_town_site,16.941058944,34.91002415477963
small_town_site,16.941058944,34.91002415477963
small_town_site,17.073410967,47.389575544487286
small_town_site,17.205141619,39.88313575556986
small_town_site,17.538817846,31.45976295246637
small_town_site,17.65936382,25.84297144390244
small_town_site,17.69664608,43.221116613297156
small_town_site,17.697267451000002,43.22263420868386
small_town_site,17.733928340000002,19.505695699358387
small_town_site,17.761890035,37.437238949648716
small_town_site,17.763132777,42.546425813173656
small_town_site,17.763132777,42.546425813173656
small_town_site,17.764375519,42.549402440718566
small_town_site,17.824648506,19.229467971711117
small_town_site,17.971913433,35.06714816195122
small_town_site,18.179451347,30.131687315469613
small_town_site,18.216112236,30.672593100841908
small_town_site,18.216112236,30.672593100841908
small_town_site,18.249044899,35.24493650021459
small_town_site,18.357163453000002,34.654320100052445
small_town_site,18.357163453000002,34.654320100052445
small_town_site,18.364619905,26.297785066825778
small_town_site,18.427378376,39.41685214117647
small_town_site,18.427378376,39.41685214117647
small_town_site,18.427378376,39.41685214117647
small_town_site,18.472738459,18.42156743833795
small_town_site,18.472738459,18.42156743833795
small_town_site,18.510020719,38.74190383046511
small_town_site,18.510020719,38.74190383046511
small_town_site,18.510020719,38.74190383046511
small_town_site,18.510020719,38.74190383046511
small_town_site,18.510020719,38.74190383046511
small_town_site,18.612546934,19.232252859471874
small_town_site,18.612546934,19.232252859471874
small_town_site,18.733092908,33.68588135304695
small_town_site,18.838104607000002,52.9821692071875
small_town_site,18.838104607000002,52.9821692071875
small_town_site,18.843696946,26.5820176354232
small_town_site,18.892785255,43.40397378302489
small_town_site,18.892785255,43.40397378302489
small_town_site,19.025137278,46.246113572451044
small_town_site,19.069254619,33.147907594591985
small_town_site,19.069254619,33.147907594591985
small_town_site,19.333958665,44.58824547982063
small_town_site,19.334580036000002,44.56113196517286
small_town_site,19.334580036000002,44.56113196517286
small_town_site,19.674469973,32.44530091745305
small_town_site,19.674469973,32.44530091745305
small_town_site,19.674469973,32.44530091745305
small_town_site,19.719208685,17.222016318777293
small_town_site,19.822977642,39.27502449708311
small_town_site,19.883872,42.15661908127208
small_town_site,19.885736113,42.13575633125368
small_town_site,19.987640957,48.6514587188641
small_town_site,20.028030072,47.81227338143236
small_town_site,20.121235722,32.41004411597316
small_town_site,20.161624837,44.748365852774356
small_town_site,20.162246208,42.74681174840989
small_town_site,20.162867579,42.748129142756184
small_town_site,20.295840973,40.256213500165295
small_town_site,20.384697026,41.8386027899658
small_town_site,20.385318397,18.735549203267805
small_town_site,20.38718251,32.28942236515618
small_town_site,20.38718251,32.28942236515618
small_town_site,20.487223241,40.974446482
small_town_site,20.500893403,38.279676478630705
small_town_site,20.500893403,38.279676478630705
small_town_site,20.558680906,38.83066697880377
small_town_site,20.559302277,38.83184060713536
small_town_site,20.559923648,32.20875767310705
small_town_site,20.700974865,46.002166366666664
small_town_site,20.700974865,46.002166366666664
small_town_site,20.717751882,41.070433246255504
small_town_site,20.745713577,46.61958107191011
small_town_site,20.745713577,46.61958107191011
small_town_site,20.745713577,46.61958107191011
small_town_site,20.95884383,41.68609822541436
small_town_site,20.970649879,45.20619135592814
small_town_site,20.970649879,45.20619135592814
small_town_site,20.970649879,45.20619135592814
small_town_site,21.050185367,39.57215003718016
small_town_site,21.111079725,38.05702904857286
small_town_site,21.218576908,45.33345808237389
small_town_site,21.224169247,45.34540610635015
small_town_site,21.232868441,17.527706119605597
small_town_site,21.232868441,17.527706119605597
small_town_site,21.304947477,49.22837671193838
small_town_site,21.398153127,39.89298356147074
small_town_site,21.459047485,45.57673802123894
small_town_site,21.481416841,46.811804253995156
small_town_site,21.514970875,49.39661680484694
small_town_site,21.615011606,39.51957429233113
small_town_site,21.693925723,43.46028525475793
small_town_site,21.726858386,42.788123736105035
small_town_site,21.791480970000002,52.02210311140584
small_town_site,21.791480970000002,19.810437245454544
small_town_site,21.791480970000002,19.810437245454544
small_town_site,21.801422906,55.58436434957506
small_town_site,21.81633581,37.77720486580087
small_town_site,21.81633581,37.77720486580087
small_town_site,21.816957181,45.79652819335277
small_town_site,21.938124526,49.85937392272727
small_town_site,22.109622922,37.159030121008406
small_town_site,22.109622922,37.159030121008406
small_town_site,22.422793906,16.834631503983317
small_town_site,22.451376972000002,37.54062104003716
small_town_site,22.533397944,46.48723931140401
small_town_site,22.633438675,44.74485405271829
small_town_site,22.683769726,38.37479840864662
small_town_site,22.741557229,54.47079575808384
small_town_site,22.894414495,41.880026515243905
small_town_site,22.911191512000002,32.913124279010376
small_town_site,22.924240303,16.58839499312563
small_town_site,22.924240303,16.58839499312563
small_town_site,22.927968529,41.22911423796204
small_town_site,23.008746759,35.47387080616702
small_town_site,23.027387889,47.53359885344037
small_town_site,23.077097569,38.266951288991244
small_town_site,23.077097569,38.266951288991244
small_town_site,23.077097569,38.266951288991244
small_town_site,23.100709667,36.571044327704485
small_town_site,23.146691121,34.37627394207921
small_town_site,23.146691121,34.37627394207921
small_town_site,23.339316131,16.391248160671086
small_town_site,23.339316131,16.391248160671086
small_town_site,23.339316131,16.391248160671086
small_town_site,23.339316131,16.391248160671086
small_town_site,23.339316131,16.391248160671086
small_town_site,23.399589118,44.40617861085926
small_town_site,23.513921382,53.88295160738383
small_town_site,23.513921382,53.88295160738383
small_town_site,23.653729857000002,38.67094799509537
small_town_site,23.71773107,39.58453029763561
small_town_site,23.740721797,42.969632211764704
small_town_site,23.828335108,38.39839140053716
small_town_site,23.828335108,38.39839140053716
small_town_site,23.82957785,41.20388100864553
small_town_site,23.927754468,16.14316268455772
small_town_site,24.432929091000002,44.378680488193744
small_town_site,24.432929091000002,44.378680488193744
small_town_site,24.432929091000002,44.378680488193744
small_town_site,25.581222699,34.108296932
small_town_site,25.606077539,41.097583210164956
small_town_site,25.606077539,41.097583210164956
small_town_site,25.606698910000002,41.09858050646456
small_town_site,25.986356591,39.126258355332496
small_town_site,25.988220704,39.112706745150504
small_town_site,26.170282407000002,44.06595728026193
small_town_site,26.170282407000002,44.06595728026193
small_town_site,26.276536848,38.86422869876746
small_town_site,26.276536848,38.86422869876746
small_town_site,26.398325564,48.265094987506345
small_town_site,26.398325564,48.265094987506345
small_town_site,26.508308231,46.75644763919647
small_town_site,26.508308231,46.75644763919647
small_town_site,26.508308231,46.75644763919647
small_town_site,26.508308231,46.75644763919647
small_town_site,26.508308231,46.75644763919647
small_town_site,26.530056216000002,38.63600419805826
small_town_site,26.530056216000002,38.63600419805826
small_town_site,26.530056216000002,38.63600419805826
small_town_site,26.640660254,32.532692304748984
small_town_site,26.640660254,32.532692304748984
small_town_site,26.871188895,32.01068167504964
small_town_site,26.944510673,36.72860220477092
small_town_site,26.944510673,36.72860220477092
small_town_site,26.944510673,36.72860220477092
small_town_site,26.944510673,36.72860220477092
small_town_site,26.945753415000002,34.96925461211248
small_town_site,26.946374786,34.97006100562365
small_town_site,27.62615466,30.876795025147473
small_town_site,27.780876039,37.15124581738484
small_town_site,27.912606691,37.46658616241611
small_town_site,28.323332922,30.042427377489684
small_town_site,28.413431717,29.075711819556567
small_town_site,28.888780532000002,46.44913350388567
small_town_site,28.889401903,46.45013258186691
small_town_site,28.891887387,45.222084605739134
small_town_site,28.891887387,45.222084605739134
small_town_site,28.892508758,45.203403532724906
small_town_site,28.958995455,46.334392728
small_town_site,28.958995455,47.66912832098765
small_town_site,29.16094103,29.258469260869564
small_town_site,29.16094103,29.258469260869564
small_town_site,29.192630951,32.658008521939095
small_town_site,29.292050311,47.650872625214646
small_town_site,29.292050311,47.650872625214646
small_town_site,29.292050311,47.650872625214646
small_town_site,29.521957581,49.06696550858725
small_town_site,29.524443065,49.04845179233964
small_town_site,29.621998312,50.44427337899716
small_town_site,29.623862425000002,50.42359561702128
small_town_site,29.840720904,33.15635656
small_town_site,29.846934614000002,33.14280216236891
small_town_site,29.846934614000002,33.14280216236891
small_town_site,29.911557198,37.80955263792135
small_town_site,29.911557198,37.80955263792135
small_town_site,29.911557198,37.80955263792135
small_town_site,29.947596716,39.753446968141596
small_town_site,29.947596716,39.753446968141596
small_town_site,30.165697937,40.56649703892417
small_town_site,30.165697937,40.56649703892417
small_town_site,30.277544717,37.58591757972414
small_town_site,30.506830616000002,51.10497450795719
small_town_site,30.624891106,40.11994468034935
small_town_site,30.625512477,40.106164029538014
small_town_site,30.62737659,54.746055473684216
small_town_site,30.68329998,40.138037764534886
small_town_site,30.693863287,58.90080374904051
small_town_site,30.834293133,44.8136678557933
small_town_site,30.834293133,44.8136678557933
small_town_site,30.939926203,33.24887591964179
small_town_site,30.946761284,42.48983242654462
small_town_site,30.947382655000002,42.49068556750572
small_town_site,30.995228222,47.160955874556215
small_town_site,30.995228222,47.160955874556215
small_town_site,30.996470964,47.162846775316986
small_town_site,31.021325804,39.10251151764706
small_town_site,31.021325804,39.10251151764706
small_town_site,31.085327017,43.157415064095645
small_town_site,31.115774196,45.73980690306248
small_town_site,31.128822987,32.85363903641161
small_town_site,31.24253388,47.19812084263533
small_town_site,31.2549613,26.78358978338491
small_town_site,31.2549613,26.78358978338491
small_town_site,31.2549613,26.78358978338491
small_town_site,31.2549613,26.78358978338491
small_town_site,31.2549613,26.78358978338491
small_town_site,31.39787663,42.525340808126415
small_town_site,31.39787663,42.525340808126415
small_town_site,31.39787663,42.525340808126415
small_town_site,31.55943309,41.419598659861464
small_town_site,31.665687531,43.693551211805286
small_town_site,31.793689957,48.3963145222833
small_town_site,31.826622620000002,47.660499763727124
small_town_site,31.83283633,47.6499836956341
small_town_site,31.968295208,45.57855950447525
small_town_site,31.968295208,45.57855950447525
small_town_site,32.195716994,48.98756600946746
small_town_site,32.195716994,48.98756600946746
small_town_site,32.249776271,43.369142538513266
small_town_site,32.274009740000004,44.345967581679396
small_town_site,32.370322245000004,35.36666466828529
small_town_site,32.427488377,47.33939909051095
small_town_site,32.464149266,43.10989943105865
small_town_site,32.613278306,49.49738697369308
small_town_site,32.801553719,37.933052807067135
small_town_site,32.92644929,47.47105224028835
small_town_site,32.956275098,31.570673324321447
small_town_site,32.977401712,33.4607232703495
small_town_site,32.977401712,33.4607232703495
small_town_site,32.977401712,33.4607232703495
small_town_site,33.250804952,45.74050356408102
small_town_site,33.25577592,45.74734173175392
small_town_site,33.459585608,29.896874705584512
small_town_site,33.581374324,38.72291722178091
small_town_site,33.785184012,45.87954071791777
small_town_site,33.785184012,45.87954071791777
small_town_site,33.785184012,45.87954071791777
small_town_site,33.785184012,45.87954071791777
small_town_site,33.785184012,45.87954071791777
small_town_site,33.856020306,30.4171881960569
small_town_site,33.907594099,51.921454171161216
small_town_site,33.90821547,51.922405653764365
small_town_site,33.915050551,27.623118095837103
small_town_site,33.962274747,45.01626991502209
small_town_site,33.962274747,45.01626991502209
small_town_site,34.178511855,32.23543166832591
small_town_site,34.304650168,35.33526197562232
small_town_site,34.304650168,35.33526197562232
small_town_site,34.456264692,41.26498765508982
small_town_site,34.602908248,42.37090805877551
small_town_site,34.986915526,34.1984512336682
small_town_site,34.986915526,34.1984512336682
small_town_site,34.988158268,42.79897035840978
small_town_site,35.392670789,23.318743565226942
small_town_site,35.551741765,50.86894688155803
small_town_site,35.556091362000004,50.854957847914186
small_town_site,35.657996206,38.549185087567565
small_town_site,35.965574851,23.481332873340587
small_town_site,36.192375266,39.51851712393084
small_town_site,36.192375266,39.51851712393084
small_town_site,36.525430122,34.915440371534785
small_town_site,36.533507945000004,34.90462542515924
small_town_site,36.570790205,40.08978219792935
small_town_site,36.787648684000004,52.53293743054344
small_town_site,36.788270055,52.53382475128917
small_town_site,37.245599111000004,45.26811505725861
small_town_site,37.246220482,45.268870268467246
small_town_site,37.550692272,23.283240127316567
small_town_site,37.727161636,43.9539747215534
small_town_site,37.727161636,43.9539747215534
small_town_site,37.727161636,43.9539747215534
small_town_site,37.811668092,43.60089850454836
small_town_site,37.813532205,43.60304802626521
small_town_site,37.952719309,49.36047308973989
small_town_site,38.971146378,50.06999534646681
small_town_site,38.971146378,50.06999534646681
small_town_site,39.241442763,49.77772866342495
small_town_site,39.241442763,49.77772866342495
small_town_site,39.35142543,46.280670221496244
small_town_site,39.784521017,47.3625250202381
small_town_site,40.10949805,49.94610618471118
small_town_site,40.141187971,57.48141475560859
small_town_site,40.250549267000004,55.81740268151002
small_town_site,40.33319161,51.50744583043633
small_town_site,40.338162578,51.49552669531915
small_town_site,40.390357742,57.201136062627846
small_town_site,40.712849291,45.71623750704928
small_town_site,40.926600915,28.97458471858407
small_town_site,40.926600915,28.97458471858407
small_town_site,40.953319868,51.67611339810726
small_town_site,41.034719469,39.07034913737107
small_town_site,41.247228351000004,44.833943859782615
small_town_site,41.259655771,49.02137319326732
small_town_site,41.259655771,49.02137319326732
small_town_site,41.43923199,36.16514791854546
small_town_site,41.835666688,47.050421767197754
small_town_site,41.841259027,47.042015145908806
small_town_site,42.140138478,28.324215556534725
small_town_site,42.146973559,45.1440359453734
small_town_site,42.149459043,45.13326964747174
small_town_site,42.227130418,54.74168869456248
small_town_site,42.24080058,21.268095396923076
small_town_site,42.24080058,21.268095396923076
small_town_site,42.417269944,48.584846261024495
small_town_site,42.417269944,48.584846261024495
small_town_site,42.904424808,58.77318466849315
small_town_site,43.159186918,50.47858119064328
small_town_site,43.159186918,50.47858119064328
small_town_site,43.341248621,56.655226955555555
small_town_site,43.34684096,56.641970038475506
small_town_site,43.668711138,43.53568543251177
small_town_site,43.686109526,48.978509590034264
small_town_site,43.686109526,48.978509590034264
small_town_site,43.882462762,57.761194129140776
small_town_site,44.178856729,55.72665880322355
small_town_site,44.178856729,55.72665880322355
small_town_site,44.455988195,42.54161549760766
small_town_site,44.487056745000004,44.66073739040714
small_town_site,44.488299487,44.76184408977082
small_town_site,44.488299487,44.76184408977082
small_town_site,45.236430171,58.8547700092519
small_town_site,45.419734616,46.557814526651484
small_town_site,45.988289081,40.26212079075875
small_town_site,45.988289081,40.26212079075875
small_town_site,46.200797963,50.878823085591925
small_town_site,46.203283447000004,56.517777916819576
small_town_site,46.210118528,38.78676304518536
small_town_site,46.210118528,38.78676304518536
small_town_site,46.228759658,35.484762210831555
small_town_site,46.229381029,35.485239169381664
small_town_site,46.383481037,36.9099318596817
small_town_site,46.383481037,36.9099318596817
small_town_site,47.467152061,56.30370590431631
small_town_site,47.555386743,34.80369836853019
small_town_site,47.555386743,34.80369836853019
small_town_site,47.555386743,34.80369836853019
small_town_site,47.660398442,48.48189725662617
small_town_site,47.660398442,48.48189725662617
small_town_site,47.660398442,48.48189725662617
small_town_site,47.830032725,48.62697481219995
small_town_site,47.830032725,48.62697481219995
small_town_site,48.138854112000004,37.44595393327572
small_town_site,48.138854112000004,37.44595393327572
small_town_site,48.138854112000004,37.44595393327572
small_town_site,48.22460331,34.917250988736924
small_town_site,48.22460331,34.917250988736924
small_town_site,48.698088012,47.089206780338436
small_town_site,48.698088012,47.089206780338436
small_town_site,48.698088012,47.089206780338436
small_town_site,48.770788419,36.83130654675897
small_town_site,49.078988435,43.28377226016658
small_town_site,49.517676361,43.21542664232727
small_town_site,49.917217914,49.88950152426429
small_town_site,49.922810253,49.86740202852387
small_town_site,49.994267918,35.40809846641747
small_town_site,50.080638487,47.17171600031397
small_town_site,50.408722375,55.580827120980096
small_town_site,50.408722375,55.580827120980096
small_town_site,50.593890933000004,50.120530368409476
small_town_site,50.593890933000004,50.120530368409476
small_town_site,50.593890933000004,50.120530368409476
small_town_site,50.640493758,50.980362843624164
small_town_site,50.688960696,31.969211370988088
small_town_site,50.79086554,59.308179028219264
small_town_site,50.791486911,59.30890459928641
small_town_site,50.841817962,55.096491469957854
small_town_site,50.843060704,55.0978382102348
small_town_site,50.986597405,54.38570389866666
small_town_site,50.986597405,54.38570389866666
small_town_site,51.030714746,52.63913268928367
small_town_site,51.031336117,52.62469493589229
small_town_site,51.422799847,47.72417619211137
small_town_site,51.424042589,47.725329548955926
small_town_site,51.701795426000004,56.07907910021091
small_town_site,51.706145023,56.06690424180722
small_town_site,51.708009136,56.068925569156626
small_town_site,51.845332127,47.0370956797379
small_town_site,51.845953498,47.03765942358871
small_town_site,51.919896647,44.428720686760165
small_town_site,51.919896647,44.428720686760165
small_town_site,51.919896647,44.428720686760165
small_town_site,51.919896647,44.428720686760165
small_town_site,52.160988595,45.161029086580086
small_town_site,52.366662396,43.740135643990726
small_town_site,52.367283767,43.74065465457077
small_town_site,52.368526509,55.12476474631579
small_town_site,52.469188611,52.45461788381005
small_town_site,52.581035391,47.07578398597364
small_town_site,52.632609184,50.13955889452237
small_town_site,52.632609184,50.13955889452237
small_town_site,52.632609184,50.13955889452237
small_town_site,53.074403965,46.33071151163918
small_town_site,53.262058007,54.48803888184143
small_town_site,53.40683745,54.022089019387465
small_town_site,53.519305601,46.51605508536939
small_town_site,53.572122136000004,41.484112645644224
small_town_site,53.572122136000004,41.484112645644224
small_town_site,53.63674472,56.99299911216057
small_town_site,53.79208747,44.313847801373
small_town_site,53.857331425,52.190146199192455
small_town_site,53.857331425,52.190146199192455
small_town_site,53.902070137,43.961815245401
small_town_site,53.902691508000004,43.95236453653454
small_town_site,53.9971399,47.679593730684324
small_town_site,54.190386281,51.123005925471695
small_town_site,54.397924195,38.56489308822371
small_town_site,54.410351615,40.14701082475917
small_town_site,54.410351615,40.14701082475917
small_town_site,54.410351615,40.14701082475917
small_town_site,54.790009296,46.895871009415124
small_town_site,54.801193974,51.94425969099527
small_town_site,54.868302042,40.66829058085238
small_town_site,54.868923413,40.66875113996294
small_town_site,54.868923413,40.66875113996294
small_town_site,54.868923413,40.66875113996294
small_town_site,54.869544784,40.6692116990735
small_town_site,54.970206886,39.69764188357071
small_town_site,55.019916566,50.27200498416243
small_town_site,55.215027060000004,44.260542733466934
small_town_site,55.812164591,40.224983489009006
small_town_site,55.986148471,38.55205327000765
small_town_site,55.986148471,38.55205327000765
small_town_site,55.986148471,38.55205327000765
small_town_site,55.986148471,38.55205327000765
small_town_site,55.986148471,38.55205327000765
small_town_site,56.20300695,55.83080160596027
small_town_site,56.947409408,49.78403930762506
small_town_site,57.204035631,55.49300142053355
small_town_site,57.292891684000004,49.580387034230775
small_town_site,57.300969507,52.15764607463969
small_town_site,57.300969507,52.15764607463969
small_town_site,57.363106607,49.72482152304358
small_town_site,57.363106607,49.72482152304358
small_town_site,57.471846532,33.64752764924378
small_town_site,57.512857018,37.20508270706199
small_town_site,57.512857018,37.20508270706199
small_town_site,57.512857018,37.20508270706199
small_town_site,57.776939693,52.4450284656581
small_town_site,57.782532032,52.42366817419355
small_town_site,57.921097765,44.4502135907056
small_town_site,58.139198986000004,42.95999925073892
small_town_site,58.139198986000004,42.95999925073892
small_town_site,58.139198986000004,42.95999925073892
small_town_site,58.23489012,42.793550608695654
small_town_site,58.23489012,42.793550608695654
small_town_site,58.649965948,54.37545130383724
small_town_site,58.651208690000004,54.348610369111974
small_town_site,58.651208690000004,54.348610369111974
small_town_site,58.651208690000004,54.348610369111974
small_town_site,58.651208690000004,54.348610369111974
small_town_site,58.651208690000004,54.348610369111974
small_town_site,58.674199417000004,51.594313117049346
small_town_site,59.81938617,54.0129897697517
small_town_site,59.81938617,54.0129897697517
small_town_site,59.892086577,44.520237802436505
small_town_site,59.895193432,38.497178424424206
small_town_site,59.895193432,38.497178424424206
small_town_site,60.04307973,59.15574357635469
small_town_site,60.06793457,54.95414598526049
small_town_site,60.547632982,52.48530670243198
small_town_site,60.549497095,52.48692259619552
small_town_site,60.556953547,54.33824346191426
small_town_site,60.800530979,47.244099185063675
small_town_site,60.94406768,51.502029025352115
small_town_site,62.038302011,53.5710931253538
small_town_site,62.273180249,47.28611029242776
small_town_site,62.375085093,43.737885924191666
small_town_site,62.375085093,43.737885924191666
small_town_site,62.409260498,59.186864539726024
small_town_site,62.509301229,54.277251428943565
small_town_site,62.509301229,54.277251428943565
small_town_site,62.589458088,53.63533661432993
small_town_site,62.589458088,53.63533661432993
small_town_site,63.046787144,57.185294461678005
small_town_site,63.123837148,49.72556099185996
small_town_site,63.216421427,54.340763404297995
small_town_site,63.322054497,53.23666421980383
small_town_site,63.371764177,41.5855543268684
small_town_site,63.47304765,46.10633001210653
small_town_site,63.548854912,56.40430909349112
small_town_site,63.589244027,39.619466683489094
small_town_site,63.589244027,39.619466683489094
small_town_site,63.594836366,39.61609463879564
small_town_site,63.822879523000005,53.09969176861567
small_town_site,63.822879523000005,53.09969176861567
small_town_site,64.123623087,47.71497377288135
small_town_site,64.124244458,47.70557554221947
small_town_site,64.232984383,52.25734322684745
small_town_site,64.44238641,59.80731917401393
small_town_site,64.483396896,55.469588727741936
small_town_site,64.48588238,55.47172677849463
small_town_site,64.544912625,59.04998359593393
small_town_site,64.93637635500001,48.59092805612139
small_town_site,65.17560419,49.333930841883934
small_town_site,65.236498548,51.74077875584931
small_town_site,65.236498548,51.74077875584931
small_town_site,65.236498548,51.74077875584931
small_town_site,65.378792507,50.50722167922746
small_town_site,65.378792507,50.50722167922746
small_town_site,65.667108651,51.03661294119172
small_town_site,65.837985676,56.77047866673053
small_town_site,65.841713902,52.61491011036625
small_town_site,65.956667537,50.81189880873101
small_town_site,65.957288908,50.80150621925545
small_town_site,65.959153021,51.60898736700718
small_town_site,66.15115666,43.67213716779754
small_town_site,66.284751425,58.15869001462344
small_town_site,66.576174424,50.5748529070268
small_town_site,66.58611636,58.06928752325582
small_town_site,66.589223215,46.055946892219026
small_town_site,66.594194183,46.05053766016135
small_town_site,67.25098333,49.99040677018377
small_town_site,68.404869277,40.31061211281716
small_town_site,68.508016863,46.56889363799093
small_town_site,68.698156389,45.53735278961518
small_town_site,68.698156389,45.53735278961518
small_town_site,68.901966077,46.92528904222475
small_town_site,68.90383019000001,44.06711470669747
small_town_site,69.499103608,58.62154943505155
small_town_site,69.629591518,51.062646051089835
small_town_site,69.850178223,61.738433980554866
small_town_site,70.53555043600001,44.93505248090604
small_town_site,70.53555043600001,44.93505248090604
small_town_site,70.795283514,51.67538942627737
small_town_site,70.795283514,51.67538942627737
small_town_site,70.796526256,51.67629653722628
small_town_site,71.099755304,40.901105639884946
small_town_site,71.504267825,34.93219760754513
small_town_site,71.953519058,52.49952748455614
small_town_site,72.67555216,42.82029259836334
small_town_site,74.249484903,50.55762164758842
small_town_site,76.00299386500001,40.101242549318485
small_town_site,76.00299386500001,40.101242549318485
small_town_site,77.066159646,38.829695552918125
small_town_site,77.272454818,39.89399646419045
small_town_site,77.272454818,39.89399646419045
small_town_site,77.294202803,37.17060247005077
small_town_site,77.294202803,37.17060247005077
small_town_site,77.294202803,37.17060247005077
small_town_site,77.294202803,37.17060247005077
small_town_site,77.294202803,37.17060247005077
small_town_site,78.221288335,42.646772377101314
small_town_site,78.221288335,42.646772377101314
small_town_site,78.221288335,42.646772377101314
small_town_site,78.221909706,42.64711115274875
small_town_site,78.221909706,42.64711115274875
small_town_site,78.246143175,37.67368134679684
small_town_site,78.246143175,37.67368134679684
small_town_site,78.246143175,37.67368134679684
small_town_site,79.493856143,41.4930958554154
small_town_site,79.493856143,41.4930958554154
small_town_site,79.493856143,41.4930958554154
small_town_site,79.884077131,54.34290961292517
small_town_site,80.01642915400001,61.9082624015474
small_town_site,80.01642915400001,61.9082624015474
small_town_site,80.38987312500001,54.60444212264151
small_town_site,80.38987312500001,54.60444212264151
small_town_site,80.38987312500001,54.60444212264151
small_town_site,80.650227574,44.729751851240174
small_town_site,80.650227574,44.729751851240174
small_town_site,81.041691304,55.4868940080639
small_town_site,81.041691304,55.4868940080639
small_town_site,81.321929625,60.27567359481161
small_town_site,81.826482877,46.74315111983497
small_town_site,81.938329657,42.53467725525594
small_town_site,81.938329657,42.53467725525594
small_town_site,81.942679254,48.036744066829506
small_town_site,81.943300625,42.531124891868515
small_town_site,81.99611716,44.1366659354067
small_town_site,81.99611716,44.1366659354067
small_town_site,82.212975639,55.03285836749722
small_town_site,82.357755082,49.4146530492
small_town_site,82.435426457,43.796861754014174
small_town_site,83.873278951,47.27474623823392
small_town_site,83.873278951,47.27474623823392
small_town_site,83.873278951,47.27474623823392
small_town_site,83.962756375,43.466483024158755
small_town_site,84.105671705,38.763336082191785
small_town_site,84.105671705,38.763336082191785
small_town_site,84.202605581,51.941291996504454
small_town_site,84.418842689,51.73779940081717
small_town_site,84.418842689,51.73779940081717
small_town_site,84.46855236900001,50.91022744490206
small_town_site,84.858773357,46.99147578606368
small_town_site,85.094272966,40.39817785541342
small_town_site,85.185614503,40.26630937641807
small_town_site,85.185614503,40.26630937641807
small_town_site,85.185614503,40.26630937641807
small_town_site,85.286276605,51.45476718250377
small_town_site,85.769081872,48.57908979534298
small_town_site,85.769703243,48.57944173612334
small_town_site,85.997125029,52.36631429370772
small_town_site,85.997125029,52.36631429370772
small_town_site,86.068582694,40.260771530457376
small_town_site,86.068582694,40.260771530457376
small_town_site,86.087223824,46.61061900532411
small_town_site,86.087223824,46.61061900532411
small_town_site,86.409094002,46.06437707792093
small_town_site,86.724129099,39.30591272269923
small_town_site,86.885685559,60.33728163819444
small_town_site,86.952793627,47.41442851517722
small_town_site,87.714594473,43.339629440406256
small_town_site,87.714594473,43.339629440406256
small_town_site,87.714594473,43.339629440406256
small_town_site,87.715215844,43.33993645874279
small_town_site,87.724536409,41.8955069079862
small_town_site,87.724536409,41.8955069079862
small_town_site,87.769275121,61.79726001087425
small_town_site,87.771139234,61.79857250975944
small_town_site,88.616203794,48.4462161971754
small_town_site,88.677098152,59.87200925491373
small_town_site,89.115786078,46.7118272977286
small_town_site,89.127592127,46.32678770678602
small_town_site,89.127592127,46.32678770678602
small_town_site,89.511599405,59.15949290581971
small_town_site,89.83222684100001,41.49294542309469
small_town_site,89.842790148,45.38151319388243
small_town_site,90.02485185100001,43.707278039595415
small_town_site,90.02485185100001,43.707278039595415
small_town_site,90.02485185100001,43.707278039595415
small_town_site,90.385868402,35.82002710779392
small_town_site,90.629445834,51.42906762332913
small_town_site,90.901606332,45.14357605120706
small_town_site,90.901606332,45.14357605120706
small_town_site,92.75639876700001,43.530574313805246
small_town_site,92.75639876700001,43.530574313805246
small_town_site,92.901799581,45.05543291009027
small_town_site,92.901799581,45.05543291009027
small_town_site,93.459790739,53.86731454697406
small_town_site,93.461654852,53.86838896368876
small_town_site,93.575365745,53.44618700333175
small_town_site,93.575365745,53.44618700333175
small_town_site,93.575365745,53.44618700333175
small_town_site,93.575365745,53.44618700333175
small_town_site,93.575365745,53.44618700333175
small_town_site,93.690940751,55.13934718057871
small_town_site,93.695290348,55.12388384585717
small_town_site,94.29615610500001,44.57276286475841
small_town_site,94.708125078,58.79449047780651
small_town_site,95.906749737,49.81449993553599
small_town_site,97.174967948,42.34203396427016
small_town_site,97.948574843,58.21609203150074
small_town_site,98.202715582,41.05083326697631
small_town_site,98.202715582,41.05083326697631
small_town_site,98.581130521,43.90598414890511
small_town_site,98.581751892,43.906260894618335
small_town_site,98.912321264,54.52217984235186
small_town_site,98.988749897,46.244419884401765
small_town_site,98.988749897,46.244419884401765
small_town_site,100.365708033,56.061528148766484
small_town_site,100.366329404,56.06187522954228
small_town_site,100.366329404,56.06187522954228
small_town_site,100.755929021,60.433412941619466
small_town_site,100.75655039200001,60.43378563998668
small_town_site,100.813716524,54.86460763210884
small_town_site,100.813716524,54.86460763210884
small_town_site,101.008827018,55.57569574580468
small_town_site,101.058536698,38.38880786248813
small_town_site,101.079041941,50.45542858951747
small_town_site,101.079041941,50.45542858951747
small_town_site,101.223200013,43.978218687762485
small_town_site,101.223200013,43.978218687762485
small_town_site,101.42638833000001,46.75822742835191
small_town_site,101.435087524,43.858553337304826
small_town_site,101.62522705,43.46053900926586
small_town_site,101.62522705,43.46053900926586
small_town_site,101.67245124600001,53.57447665187354
small_town_site,102.293822246,49.87239437778982
small_town_site,102.29506498800001,49.87300026500542
small_town_site,102.37646458900001,61.497625983714336
small_town_site,102.452271851,51.04888286001384
small_town_site,102.452893222,51.0491924704775
small_town_site,102.720082752,63.1475918557377
small_town_site,102.720082752,63.1475918557377
small_town_site,102.91146502000001,61.155707175965674
small_town_site,103.320327138,48.595920786098766
small_town_site,103.320327138,48.595920786098766
small_town_site,103.424096095,40.26024501967993
small_town_site,103.424096095,40.26024501967993
small_town_site,103.92367837900001,61.80823429116141
small_town_site,104.098905001,50.945630506199024
small_town_site,104.098905001,50.945630506199024
small_town_site,104.348696143,48.559372558790066
small_town_site,104.618371157,42.83736762570519
small_town_site,104.618371157,42.83736762570519
small_town_site,104.618371157,42.83736762570519
small_town_site,105.354074421,62.49376633969353
small_town_site,105.807675251,45.67785476719031
small_town_site,105.807675251,45.67785476719031
small_town_site,105.807675251,45.67785476719031
small_town_site,106.140108736,55.93681619815547
small_town_site,106.140108736,55.93681619815547
small_town_site,106.942920068,44.63187018836077
small_town_site,106.942920068,44.63187018836077
small_town_site,107.046067654,61.28591659580153
small_town_site,107.718391076,48.546095126890336
small_town_site,107.718391076,48.546095126890336
small_town_site,107.74448865800001,52.90236758985271
small_town_site,107.832101969,53.463099722958276
small_town_site,107.832101969,53.463099722958276
small_town_site,107.949541088,57.06583669850221
small_town_site,108.187526181,55.06504937814223
small_town_site,108.303101187,52.631096689146865
small_town_site,108.3049653,52.62489878256175
small_town_site,108.464036276,56.746189593605585
small_town_site,108.57898991100001,43.239420761017705
small_town_site,108.64858346300001,52.04030075396488
small_town_site,108.67095281900001,53.03177852086214
small_town_site,108.67095281900001,53.03177852086214
small_town_site,108.67095281900001,53.03177852086214
small_town_site,108.67095281900001,53.03177852086214
small_town_site,108.67095281900001,53.03177852086214
small_town_site,109.493026652,36.3328321455618
small_town_site,109.493026652,36.3328321455618
small_town_site,109.626000046,57.187885837646725
small_town_site,110.297702097,62.25646402464722
small_town_site,110.297702097,62.25646402464722
small_town_site,110.43005412000001,50.88291243210035
small_town_site,110.43005412000001,50.88291243210035
small_town_site,110.430675491,50.88319874153334
small_town_site,110.561163401,47.041743085167234
small_town_site,110.76497308900001,34.10776692501925
small_town_site,111.002336811,45.75319584607282
small_town_site,111.002336811,45.75319584607282
small_town_site,111.433568285,44.37129143081518
small_town_site,111.86542113,34.411306166623945
small_town_site,111.866042501,34.41149730869007
small_town_site,111.98472436200001,55.56788527955892
small_town_site,111.98472436200001,55.56788527955892
small_town_site,112.647105848,57.99078808133848
small_town_site,112.711728432,61.07197807874774
small_town_site,113.085172403,62.36314654577206
small_town_site,114.51618981600001,55.92217625306566
small_town_site,114.51618981600001,55.92217625306566
small_town_site,114.861672092,37.666425535726
small_town_site,114.861672092,37.666425535726
small_town_site,114.861672092,37.666425535726
small_town_site,115.911167711,53.01489058056156
small_town_site,115.911789082,53.015174780231234
small_town_site,115.912410453,53.015458979900906
small_town_site,115.983246747,55.24473250717121
small_town_site,116.449896368,53.13976764162758
small_town_site,117.226610118,56.044594478725095
small_town_site,117.908875476,53.31222704265261
small_town_site,118.539567041,42.69132066302521
small_town_site,118.539567041,42.69132066302521
small_town_site,118.539567041,42.69132066302521
small_town_site,118.539567041,42.69132066302521
small_town_site,118.539567041,42.69132066302521
small_town_site,119.735084845,48.5576552260899
small_town_site,119.751240491,48.54780019905405
small_town_site,120.29618285800001,61.01243424750634
small_town_site,120.29618285800001,61.01243424750634
small_town_site,120.449661495,52.33781308171394
small_town_site,122.47346684200001,42.19989286286371
small_town_site,122.47346684200001,42.19989286286371
small_town_site,123.17437333000001,52.118916782792674
small_town_site,123.17437333000001,52.118916782792674
small_town_site,123.245209624,54.526576704731475
small_town_site,123.32412374100001,46.46921137404229
small_town_site,123.32412374100001,46.46921137404229
small_town_site,123.32412374100001,46.46921137404229
small_town_site,123.33592979000001,55.280048212649405
small_town_site,124.533311707,43.80691050861833
small_town_site,124.533311707,43.80691050861833
small_town_site,124.923532695,52.220705724802606
small_town_site,125.218062549,40.541867539922656
small_town_site,125.218062549,40.541867539922656
small_town_site,125.22862585600001,50.225384701604284
small_town_site,125.23297545300001,50.22153410168208
small_town_site,125.292005698,56.31101379685393
small_town_site,125.326802474,58.79287058983581
small_town_site,125.966814604,52.93959054102265
small_town_site,126.05567065700001,37.16020425525713
small_town_site,126.05567065700001,37.16020425525713
small_town_site,126.05567065700001,37.16020425525713
small_town_site,126.066855335,61.98315749877083
small_town_site,126.585078749,51.410907434160656
small_town_site,126.585078749,51.410907434160656
small_town_site,126.585078749,51.410907434160656
small_town_site,126.585078749,51.410907434160656
small_town_site,127.12256466400001,56.540799702297996
small_town_site,127.12256466400001,56.540799702297996
small_town_site,127.24124652500001,54.480077008801146
small_town_site,127.812286474,37.66262022643857
small_town_site,128.093767537,52.5872463374615
small_town_site,128.093767537,52.5872463374615
small_town_site,128.093767537,52.5872463374615
small_town_site,128.352879244,62.139640301022055
small_town_site,129.040736941,56.88790754195444
small_town_site,129.040736941,56.88790754195444
small_town_site,129.040736941,56.88790754195444
small_town_site,129.590028905,55.512149459543075
small_town_site,129.595621244,55.50794009261154
small_town_site,129.70373979800002,48.06809381025325
small_town_site,129.970307957,51.31532229054617
small_town_site,130.236254745,60.52026811436684
small_town_site,130.494745081,52.70740292736451
small_town_site,130.494745081,52.70740292736451
small_town_site,130.660029767,57.72194222127869
small_town_site,130.819100743,53.95220101670295
small_town_site,131.170175358,50.3532343024952
small_town_site,131.19005923,50.88721185518801
small_town_site,131.87356733000001,44.86343246909848
small_town_site,132.152562909,46.99686125381805
small_town_site,132.152562909,46.99686125381805
small_town_site,132.59435769,49.03335261263483
small_town_site,132.598707287,49.029924633648314
small_town_site,132.806866572,59.49536083364858
small_town_site,132.817429879,52.46244761514154
small_town_site,132.825507702,52.45412765765687
small_town_site,132.953510128,60.31157213467742
small_town_site,133.212000464,57.89728379456719
small_town_site,133.429480314,47.73863338604651
small_town_site,133.430101685,47.73885570125224
small_town_site,133.749486379,58.64062245334307
small_town_site,133.836478319,58.309490735616606
small_town_site,135.261282022,53.235007683305994
small_town_site,135.305399363,60.501731177096005
small_town_site,135.352002188,60.48500594299901
small_town_site,135.97461593,56.26535831586207
small_town_site,136.671794192,55.469950292130775
small_town_site,137.40998294,53.29411103038139
small_town_site,137.577131739,41.36966874878049
small_town_site,137.577131739,41.36966874878049
small_town_site,137.944362,53.8144455136541
small_town_site,137.944362,53.8144455136541
small_town_site,138.153764027,36.91757352265439
small_town_site,138.153764027,36.91757352265439
small_town_site,138.494275335,55.049066049022855
small_town_site,139.186482629,58.16266250312246
small_town_site,139.905408876,39.33303178083561
small_town_site,139.905408876,39.33303178083561
small_town_site,140.099276628,43.750641556280364
small_town_site,140.441030678,55.656947428533684
small_town_site,140.441030678,55.656947428533684
small_town_site,140.441030678,55.656947428533684
small_town_site,140.805154084,55.41691862932109
small_town_site,140.928806913,52.74391359671483
small_town_site,140.933777881,52.740291098918924
small_town_site,141.132616601,55.23180995364713
small_town_site,141.182326281,52.60908545819274
small_town_site,141.247570236,51.88156849807162
small_town_site,141.422175487,48.524574128211974
small_town_site,141.422175487,48.524574128211974
small_town_site,141.55142065500002,55.851064703857965
small_town_site,141.556391623,55.853026067821126
small_town_site,141.603615819,57.00246191975847
small_town_site,142.264754563,51.92670753592213
small_town_site,142.265375934,51.92693433665213
small_town_site,142.90600943500002,53.49502276863887
small_town_site,142.906630806,53.49525537086409
small_town_site,142.923407823,57.309452902962796
small_town_site,142.924650565,57.3099512178659
small_town_site,143.246520743,52.33280644152629
small_town_site,143.678373588,56.91484869242958
small_town_site,144.057409898,49.584728524027156
small_town_site,144.057409898,49.584728524027156
small_town_site,145.287724478,48.927577934593074
small_town_site,145.474135778,45.5635017227075
small_town_site,145.74567490500002,59.65034443587995
small_town_site,145.747539018,59.65110737435198
small_town_site,146.333491871,56.27609985424634
small_town_site,146.423590666,52.392895974316666
small_town_site,146.541651156,64.27265401578948
small_town_site,146.59943865900001,45.421979445081334
small_town_site,146.644177371,50.12524103072541
small_town_site,146.644177371,50.12524103072541
small_town_site,147.207760868,45.19426395401672
small_town_site,147.208382239,45.19445472116664
small_town_site,147.264305629,52.44351570525274
small_town_site,147.264305629,52.44351570525274
small_town_site,147.83534557800002,45.27881947258806
small_town_site,147.83534557800002,45.27881947258806
small_town_site,147.83534557800002,45.27881947258806
small_town_site,148.046611718,56.58432977861769
small_town_site,148.065252848,58.89237766576069
small_town_site,148.065874219,58.89262481365595
small_town_site,148.078301639,44.12199022516139
small_town_site,148.078301639,44.12199022516139
small_town_site,148.195740758,57.45876862991923
small_town_site,148.548679486,43.73366422551521
small_town_site,148.574777068,48.78857953523671
small_town_site,149.04764039900002,54.10077691433758
small_town_site,149.491920664,43.21269587204111
small_town_site,149.491920664,43.21269587204111
small_town_site,149.681438819,46.24555267322348
small_town_site,149.681438819,46.24555267322348
small_town_site,149.681438819,46.24555267322348
small_town_site,150.024435611,52.48668301259475
small_town_site,150.024435611,52.48668301259475
small_town_site,150.605417496,42.80589791454287
small_town_site,150.605417496,42.80589791454287
small_town_site,150.697380404,58.6244401830992
small_town_site,151.256614304,48.86251000488156
small_town_site,151.54617319,47.99139896938775
small_town_site,152.20171959500001,56.24370668671732
small_town_site,152.78270148000001,52.188796406490184
small_town_site,152.85975148400001,58.97493359151217
small_town_site,153.149931741,60.14396795763062
small_town_site,153.405936593,66.03627546751167
small_town_site,153.564386198,46.417446709722924
small_town_site,153.564386198,46.417446709722924
small_town_site,154.085716467,48.63731514960105
small_town_site,154.11864913,60.18953535126925
small_town_site,154.11864913,60.18953535126925
small_town_site,154.223660829,38.200438900811896
small_town_site,154.971791513,53.4283134884888
small_town_site,155.36139113000002,51.10105144522613
small_town_site,155.693824615,49.179412881811004
small_town_site,155.980276646,49.60941743313013
small_town_site,156.037442778,43.579115128068274
small_town_site,156.209562545,51.83945659679204
small_town_site,156.209562545,51.83945659679204
small_town_site,156.551316595,52.4508831774779
small_town_site,156.553180708,52.44662670284758
small_town_site,157.303796876,48.7553739779251
small_town_site,157.303796876,48.7553739779251
small_town_site,157.303796876,48.7553739779251
small_town_site,157.317467038,62.119434170977286
small_town_site,158.156939259,38.064245309025274
small_town_site,158.156939259,38.064245309025274
small_town_site,158.952294139,43.92969897899586
small_town_site,159.519605862,43.113406989729725
small_town_site,159.519605862,43.113406989729725
small_town_site,159.63642361,53.709450934205606
small_town_site,160.37958332600002,61.17466624005087
small_town_site,160.963050695,36.508756458039315
small_town_site,161.380612007,51.669352830416216
small_town_site,161.71801646,52.279531183189654
small_town_site,161.71801646,52.279531183189654
small_town_site,162.809765307,49.767780852950665
small_town_site,164.673878307,55.49765604804343
small_town_site,164.67760653300002,55.498912518142674
small_town_site,167.033845365,62.82091969431676
small_town_site,167.034466736,62.82115339005433
small_town_site,167.236412311,49.82216851370408
small_town_site,168.870618041,59.630625301383034
small_town_site,169.045844663,61.764441366771536
small_town_site,169.96360963,58.96964096646107
small_town_site,169.964852372,58.97007214140324
small_town_site,170.347616908,37.169005446924054
small_town_site,170.347616908,37.169005446924054
small_town_site,171.073999607,40.23692660297922
small_town_site,171.078970575,40.23283865103214
small_town_site,172.41181137,55.15216997796339
small_town_site,172.53608557,34.216377901834406
small_town_site,175.905159132,54.161697987957574
small_town_site,175.90578050300002,54.161889309852896
small_town_site,175.907023245,54.16227195364352
small_town_site,176.364973672,48.40389610575589
small_town_site,177.915915688,51.76990757167799
small_town_site,177.915915688,51.76990757167799
small_town_site,178.885254448,31.090953314961624
small_town_site,178.885254448,31.090953314961624
small_town_site,178.885254448,31.090953314961624
small_town_site,179.369923828,60.96985419514682
small_town_site,179.840301675,57.304397772172074
small_town_site,179.840301675,57.304397772172074
small_town_site,182.343184063,48.495527676329786
small_town_site,182.343184063,48.495527676329786
small_town_site,183.206889753,59.741377093369564
small_town_site,183.21248209200002,59.737789650502684
small_town_site,183.213103463,52.18507575494897
small_town_site,184.915038632,54.80317272373426
small_town_site,185.225724132,61.38948691541153
small_town_site,185.225724132,61.38948691541153
small_town_site,185.225724132,61.38948691541153
small_town_site,185.423941481,58.47286171440084
small_town_site,185.836531825,56.13925606864144
small_town_site,185.897426183,51.93068474111895
small_town_site,185.897426183,51.93068474111895
small_town_site,186.054011675,55.96076882195672
small_town_site,186.054011675,55.96076882195672
small_town_site,186.916474623,54.76960024766401
small_town_site,187.47508715200001,64.18547919611983
small_town_site,188.760703751,61.31912412051977
small_town_site,188.810413431,40.22711063215955
small_town_site,188.810413431,40.22711063215955
small_town_site,188.810413431,40.22711063215955
small_town_site,188.996824731,55.15024471359325
small_town_site,189.15775982,60.692329354010695
small_town_site,189.15775982,60.692329354010695
small_town_site,189.803364289,54.13501120586278
small_town_site,189.803364289,54.13501120586278
small_town_site,189.940065909,50.59446816665926
small_town_site,190.340228833,49.10949787133949
small_town_site,190.346442543,49.10758156476995
small_town_site,191.502192603,56.305773715354455
small_town_site,191.679283338,53.454599118196604
small_town_site,191.679283338,53.454599118196604
small_town_site,191.701652694,48.77559896094423
small_town_site,191.701652694,48.77559896094423
small_town_site,192.771032185,59.117106726808075
small_town_site,193.30851810000001,51.74441706892706
small_town_site,193.530347547,56.159056196130905
small_town_site,193.583164082,49.46056711818311
small_town_site,193.83668345,55.434704513822695
small_town_site,193.83668345,55.434704513822695
small_town_site,193.930510471,58.535242533378046
small_town_site,193.931131842,58.53543008562086
small_town_site,194.277235489,47.461865347475566
small_town_site,194.418908077,58.1222445671151
small_town_site,195.14777626,58.922418396041266
small_town_site,195.38016901400002,61.5586039252932
small_town_site,195.43360692000002,58.66430291936964
small_town_site,195.43360692000002,58.66430291936964
small_town_site,195.47710289,61.9797049853796
small_town_site,195.55166741,54.75081682034531
small_town_site,195.55539563600001,54.7518606540364
small_town_site,195.581493218,54.09029542788661
small_town_site,195.581493218,54.09029542788661
small_town_site,195.586464186,54.08751506142265
small_town_site,195.83376984400002,51.67117937836412
small_town_site,198.5901716,54.2925742527339
small_town_site,198.595763939,59.306905863160516
small_town_site,198.595763939,59.306905863160516
small_town_site,199.357564785,62.96606713686611
small_town_site,199.37931277,50.80806441367594
small_town_site,200.684813241,51.95349688390623
small_town_site,201.897108062,46.45465863627764
small_town_site,201.926312499,58.823007363359764
small_town_site,201.926312499,58.823007363359764
small_town_site,201.926312499,58.823007363359764
small_town_site,202.056179038,54.470738695282314
small_town_site,204.242783587,54.31186444919486
small_town_site,205.14563565,57.38785362809853
small_town_site,206.647489357,53.477892436575374
small_town_site,206.820230495,57.521077702564895
small_town_site,206.820230495,57.521077702564895
small_town_site,209.065243918,56.432097031176426
small_town_site,209.069593515,56.42904008502025
small_town_site,209.227421749,55.75680792778148
small_town_site,209.943862512,45.55469260702791
small_town_site,210.391871003,51.266463761391634
small_town_site,210.596923433,48.24364774793509
small_town_site,213.506803826,49.35305597621677
small_town_site,214.771293811,47.43997163575899
small_town_site,215.335498679,55.00658449190379
small_town_site,215.335498679,55.00658449190379
small_town_site,215.335498679,55.00658449190379
small_town_site,215.812711607,57.12689424891177
small_town_site,215.812711607,57.12689424891177
small_town_site,217.135610466,63.22803507867023
small_town_site,217.70043670500002,53.13366590766102
small_town_site,217.70043670500002,53.13366590766102
small_town_site,219.883313028,46.87510670342868
small_town_site,219.883934399,46.875239168378044
small_town_site,221.11797720500002,44.72551511057422
small_town_site,221.989139347,54.81213317209877
small_town_site,223.262949897,45.52257700663797
small_town_site,223.265435381,45.52308378860444
small_town_site,223.664976934,66.0970215861435
small_town_site,224.294425757,66.3048064316965
small_town_site,225.248230242,57.739506470464256
small_town_site,226.009409717,57.43162807801228
small_town_site,226.009409717,57.43162807801228
small_town_site,226.009409717,57.43162807801228
small_town_site,226.43877707800002,44.2191265245891
small_town_site,226.440641191,44.21709200952484
small_town_site,226.441262562,44.21721334471685
small_town_site,226.945815814,53.79987731663374
small_town_site,226.99614686500001,54.74550336397133
small_town_site,227.766025534,51.05271726059398
small_town_site,227.766025534,51.05271726059398
small_town_site,227.782802551,54.331020286463925
small_town_site,227.92074691300002,44.41937466905587
small_town_site,228.150032812,50.553340193463406
small_town_site,228.398581212,45.26229727860839
small_town_site,229.46609659,56.01667781406388
small_town_site,229.736392975,52.524515096532454
small_town_site,229.774917977,43.10974070863039
small_town_site,230.13220630200001,59.22338570928587
small_town_site,230.217334129,54.03810411843255
small_town_site,230.217334129,54.03810411843255
small_town_site,230.219819613,54.60837784850761
small_town_site,230.836219645,63.69848158224743
small_town_site,231.576893877,53.10719951313543
small_town_site,231.720430578,55.47975193407821
small_town_site,232.03857253,62.63319045572468
small_town_site,232.053485434,63.85328652162348
small_town_site,232.053485434,63.85328652162348
small_town_site,232.652487078,56.14727850645572
small_town_site,232.653108449,56.147428465267815
small_town_site,232.697847161,43.57184280555498
small_town_site,232.697847161,43.57184280555498
small_town_site,232.697847161,43.57184280555498
small_town_site,232.866860073,53.85242476153401
small_town_site,232.867481444,53.85256845881673
small_town_site,233.33723792,55.48675979338133
small_town_site,233.33723792,55.48675979338133
small_town_site,233.33723792,55.48675979338133
small_town_site,233.33723792,55.48675979338133
small_town_site,233.33723792,55.48675979338133
small_town_site,235.933325958,52.634317001227
small_town_site,236.642310269,55.27232316670344
small_town_site,237.178553442,54.61797431018998
small_town_site,237.730952261,54.836382914051384
small_town_site,238.38277044,50.04536818194541
small_town_site,238.38277044,50.04536818194541
small_town_site,238.570424482,60.41032061160582
small_town_site,238.908450306,56.63947455394138
small_town_site,239.39187694400002,59.78984022467047
small_town_site,239.392498315,59.78999541653948
small_town_site,240.780641129,53.473800620876
small_town_site,240.780641129,53.473800620876
small_town_site,241.906565381,50.76737993305352
small_town_site,242.327854919,66.35584374445881
small_town_site,242.828679945,53.81244984930748
small_town_site,242.828679945,53.81244984930748
small_town_site,242.828679945,53.81244984930748
small_town_site,244.241056228,47.63613622390291
small_town_site,244.241677599,47.636257414476106
small_town_site,244.795940531,52.92249495025222
small_town_site,246.151772053,52.58716867787075
small_town_site,246.40467005,48.29096914257717
small_town_site,247.426203974,58.84483942038713
small_town_site,247.49890438100002,44.18746557089864
small_town_site,248.783899609,55.64943696982727
small_town_site,249.233772213,66.46726275774502
small_town_site,249.237500439,66.46825702499444
small_town_site,250.143459357,44.5073124937083
small_town_site,250.68840172400002,54.722183252874125
small_town_site,250.964290448,57.388772509229504
small_town_site,251.428454585,59.509693392899415
small_town_site,252.78117925200002,54.62586261523501
small_town_site,253.036562733,47.03039009958181
small_town_site,253.582747842,38.50265256141712
small_town_site,253.582747842,38.50265256141712
small_town_site,253.868578502,68.35142342436616
small_town_site,256.585212514,53.5140933347083
small_town_site,256.585833885,53.51422292949424
small_town_site,256.585833885,53.51422292949424
small_town_site,258.187728323,62.118279887910184
small_town_site,258.187728323,62.118279887910184
small_town_site,258.406450915,55.50165403579738
small_town_site,258.406450915,55.50165403579738
small_town_site,260.028850596,50.42576288222366
small_town_site,260.324623192,57.158370547157844
small_town_site,260.324623192,57.158370547157844
small_town_site,260.324623192,57.158370547157844
small_town_site,261.874943837,56.09268744054263
small_town_site,262.111686188,50.764045097740485
small_town_site,263.811757244,55.2453217426793
small_town_site,263.830398374,59.36926079174897
small_town_site,263.831019745,59.36940061770221
small_town_site,263.962750397,50.88166103176268
small_town_site,263.962750397,50.88166103176268
small_town_site,264.326873803,56.68533661111575
small_town_site,265.245881512,55.69467328335958
small_town_site,266.202171481,56.518507745435244
small_town_site,266.202171481,56.518507745435244
small_town_site,266.459419075,61.51429451519815
small_town_site,266.625325132,55.482726617063584
small_town_site,266.625325132,55.482726617063584
small_town_site,269.146227279,55.33244350433442
small_town_site,270.288928548,56.97289904401897
small_town_site,270.289549919,56.97303001981381
small_town_site,270.746257604,52.36027544315874
small_town_site,270.771112444,53.74812554027349
small_town_site,272.033738316,65.06254703279298
small_town_site,272.033738316,65.06254703279298
small_town_site,272.218906874,51.98599887254788
small_town_site,272.219528245,51.98335994493953
small_town_site,272.574952457,66.83944069512977
small_town_site,274.00596987,55.68283892362405
small_town_site,274.00596987,55.68283892362405
small_town_site,275.159855817,54.58317615942252
small_town_site,275.32327639,60.874818511485074
small_town_site,276.266517568,56.27246029448908
small_town_site,276.966181314,61.605082034624644
small_town_site,276.967424056,61.60535845545876
small_town_site,277.120902693,61.711941710676726
small_town_site,277.320984155,61.8444863382271
small_town_site,277.884567652,62.44986850285286
small_town_site,277.98957935100003,55.22057527250456
small_town_site,278.424539051,60.71037798810418
small_town_site,279.426189103,50.068900541078094
small_town_site,281.212009357,53.62377422984268
small_town_site,281.212009357,53.62377422984268
small_town_site,281.212009357,53.62377422984268
small_town_site,284.46985751,57.77993043534191
small_town_site,285.280746665,58.31974378160136
small_town_site,285.828174516,55.67177559149489
small_town_site,285.828795887,55.66888472155378
small_town_site,286.283639459,64.49847312425058
small_town_site,286.283639459,64.49847312425058
small_town_site,286.55766407,60.78291248244167
small_town_site,287.159772569,51.79493868672779
small_town_site,287.428204841,62.590221233220426
small_town_site,287.428204841,62.590221233220426
small_town_site,287.859436315,47.7907199194798
small_town_site,287.859436315,47.7907199194798
small_town_site,290.730791706,55.14097519317212
small_town_site,294.668419733,47.3743440085209
small_town_site,295.02757217100003,61.94082112413834
small_town_site,298.970171166,51.413614989853826
small_town_site,298.970171166,51.413614989853826
small_town_site,299.172116741,57.060642133382785
small_town_site,299.961257911,54.44491925378643
small_town_site,300.063162755,65.66332660130082
small_town_site,300.063162755,65.66332660130082
small_town_site,300.094231305,54.144200506089305
small_town_site,300.094852676,54.14159915974743
rural_area_site,1.061923039,13.36686342797203
rural_area_site,1.061923039,13.36686342797203
rural_area_site,1.061923039,13.36686342797203
rural_area_site,1.061923039,13.36686342797203
rural_area_site,1.178740787,12.055303503409089
rural_area_site,1.178740787,12.055303503409089
rural_area_site,1.178740787,12.055303503409089
rural_area_site,1.178740787,12.055303503409089
rural_area_site,1.178740787,12.055303503409089
rural_area_site,1.69634283,14.822413077669903
rural_area_site,1.69634283,14.822413077669903
rural_area_site,1.69634283,14.822413077669903
rural_area_site,1.839879531,11.479317697746968
rural_area_site,1.839879531,11.479317697746968
rural_area_site,1.840500902,11.483194535875217
rural_area_site,1.939298891,11.616432624958403
rural_area_site,1.939298891,11.616432624958403
rural_area_site,1.939298891,11.616432624958403
rural_area_site,2.332626734,16.242661977562864
rural_area_site,2.332626734,16.242661977562864
rural_area_site,2.332626734,16.242661977562864
rural_area_site,2.332626734,16.242661977562864
rural_area_site,2.333248105,16.246988738878144
rural_area_site,2.420240045,15.12650028125
rural_area_site,2.420240045,15.12650028125
rural_area_site,2.420240045,15.12650028125
rural_area_site,2.439502546,13.147019708982036
rural_area_site,2.439502546,13.147019708982036
rural_area_site,2.440123917,13.15036841497006
rural_area_site,2.718498125,11.67851223150358
rural_area_site,2.718498125,11.67851223150358
rural_area_site,2.784363451,16.2195929184466
rural_area_site,2.784363451,16.2195929184466
rural_area_site,2.784363451,16.2195929184466
rural_area_site,2.821645711,11.66237033249139
rural_area_site,2.821645711,11.66237033249139
rural_area_site,2.909880393,20.702706353359684
rural_area_site,2.909880393,20.702706353359684
rural_area_site,2.909880393,20.702706353359684
rural_area_site,2.95151225,11.637945345016428
rural_area_site,2.95151225,11.637945345016428
rural_area_site,2.95151225,11.637945345016428
rural_area_site,3.0459606420000003,11.690254063113008
rural_area_site,3.0459606420000003,11.690254063113008
rural_area_site,3.154079196,13.00651214845361
rural_area_site,3.154079196,13.00651214845361
rural_area_site,3.352296545,22.642153024390247
rural_area_site,3.352296545,22.642153024390247
rural_area_site,3.3641025940000002,11.5560776129771
rural_area_site,3.380879611,15.119461614409937
rural_area_site,3.380879611,15.119461614409937
rural_area_site,3.381500982,15.122240416397515
rural_area_site,3.527523167,14.141518264142539
rural_area_site,3.603330429,15.27913962826855
rural_area_site,3.603330429,15.27913962826855
rural_area_site,3.603330429,15.27913962826855
rural_area_site,3.661739303,13.73152238625
rural_area_site,3.661739303,13.73152238625
rural_area_site,3.661739303,13.73152238625
rural_area_site,3.708963499,15.155809984562998
rural_area_site,3.708963499,15.155809984562998
rural_area_site,3.708963499,15.155809984562998
rural_area_site,3.767993744,11.12779120459393
rural_area_site,3.767993744,11.12779120459393
rural_area_site,3.836344554,24.57444910035587
rural_area_site,3.838208667,12.470714080505415
rural_area_site,3.838208667,12.470714080505415
rural_area_site,3.841315522,11.224623278571428
rural_area_site,3.856228426,14.238381880615385
rural_area_site,3.924579236,13.67713964143272
rural_area_site,3.9326570590000003,14.257366981268884
rural_area_site,3.978638513,14.998009054240837
rural_area_site,3.979259884,15.000351395183246
rural_area_site,3.979259884,15.000351395183246
rural_area_site,4.109126423,14.196598006525912
rural_area_site,4.109126423,14.196598006525912
rural_area_site,4.142680457,14.9136496452
rural_area_site,4.160078845,13.516501662454875
rural_area_site,4.160078845,13.516501662454875
rural_area_site,4.160078845,13.516501662454875
rural_area_site,4.19425425,13.095676756287945
rural_area_site,4.19425425,13.095676756287945
rural_area_site,4.19425425,13.095676756287945
rural_area_site,4.222837316,10.936844847194243
rural_area_site,4.2253228,10.697019746835442
rural_area_site,4.385015147,13.655756513148788
rural_area_site,4.398685309,14.967171183742913
rural_area_site,4.398685309,14.967171183742913
rural_area_site,4.411112729,17.903050534836527
rural_area_site,4.411112729,17.903050534836527
rural_area_site,4.439074424,18.326454044036698
rural_area_site,4.439074424,18.326454044036698
rural_area_site,4.458336925,14.76542127874885
rural_area_site,4.491890959,16.484003519266054
rural_area_site,4.491890959,16.484003519266054
rural_area_site,4.491890959,16.484003519266054
rural_area_site,4.501832895,13.08038613559322
rural_area_site,4.502454266,13.082191571912832
rural_area_site,4.513638944,14.67850063089431
rural_area_site,4.552163946,13.173464795498393
rural_area_site,4.695700647,14.253391508600338
rural_area_site,4.709370809,14.577588058813415
rural_area_site,4.710613551,14.58143489561479
rural_area_site,4.731118794,13.182683946130032
rural_area_site,4.776478877,14.199276595540875
rural_area_site,4.776478877,14.199276595540875
rural_area_site,4.842344203,15.550793158608384
rural_area_site,4.8442083160000005,15.556779605352366
rural_area_site,4.855392994,15.83280324130435
rural_area_site,4.856014365,15.834829451086957
rural_area_site,4.856635736,18.8201169532831
rural_area_site,4.864092188,12.980527707042253
rural_area_site,4.864092188,12.980527707042253
rural_area_site,4.869684527,12.918838833603537
rural_area_site,4.904481303,15.992873814130435
rural_area_site,4.909452271,16.334591659519408
rural_area_site,4.951084128,13.281596766616989
rural_area_site,4.951084128,13.281596766616989
rural_area_site,4.965375661,18.816160399578948
rural_area_site,4.988366388,13.341841750965825
rural_area_site,4.988366388,13.341841750965825
rural_area_site,5.034969213,19.87487847236842
rural_area_site,5.040561552,19.875160555531213
rural_area_site,5.041182923,19.877610649288062
rural_area_site,5.05174623,12.655731682672235
rural_area_site,5.0933780870000005,15.19151707804474
rural_area_site,5.121961153,13.750231283221476
rural_area_site,5.121961153,13.750231283221476
rural_area_site,5.1337672020000005,29.382451394594597
rural_area_site,5.1337672020000005,28.922632123943664
rural_area_site,5.166078494,25.974696338547485
rural_area_site,5.189690592,12.54727073955675
rural_area_site,5.311479308,25.46115247509987
rural_area_site,5.377344634,13.88697322984218
rural_area_site,5.39971399,26.162813410497982
rural_area_site,5.451909154,25.622549548825063
rural_area_site,5.453773267,23.94339483073171
rural_area_site,5.469928913,17.99976607568556
rural_area_site,5.529580529,25.953702613298567
rural_area_site,5.64826239,17.666155172893134
rural_area_site,5.712263603,11.424527206
rural_area_site,5.712263603,11.424527206
rural_area_site,5.712263603,11.424527206
rural_area_site,5.7980128010000005,23.99177710758621
rural_area_site,5.798634172,23.994348297931033
rural_area_site,5.9726180520000005,13.65169840457143
rural_area_site,6.241050324,23.403938715
rural_area_site,6.241050324,23.403938715
rural_area_site,6.378373315,24.717054826695374
rural_area_site,6.4579088030000005,11.028686760341555
rural_area_site,6.606416472,14.65378884731978
rural_area_site,6.606416472,14.65378884731978
rural_area_site,6.606416472,14.65378884731978
rural_area_site,6.795934627,14.580074289153757
rural_area_site,6.795934627,14.580074289153757
rural_area_site,6.795934627,14.580074289153757
rural_area_site,6.795934627,14.580074289153757
rural_area_site,6.842537452,10.861170558730159
rural_area_site,6.842537452,10.861170558730159
rural_area_site,6.842537452,10.861170558730159
rural_area_site,6.842537452,10.861170558730159
rural_area_site,6.849372533,10.377837171212121
rural_area_site,6.882926567,10.848745902451839
rural_area_site,6.882926567,10.848745902451839
rural_area_site,6.882926567,10.848745902451839
rural_area_site,6.882926567,10.848745902451839
rural_area_site,6.882926567,10.848745902451839
rural_area_site,7.115319321,20.0118355903125
rural_area_site,7.115319321,20.0118355903125
rural_area_site,7.510511277,10.304055105640243
rural_area_site,7.8013129050000005,19.302217496907218
rural_area_site,7.888926216,23.686517412510426
rural_area_site,7.888926216,23.686517412510426
rural_area_site,7.951063316,13.20287266494465
rural_area_site,7.951063316,13.20287266494465
rural_area_site,8.145552439,19.24146245433071
rural_area_site,8.212039136,23.76474348038585
rural_area_site,8.350604869,18.800611337335834
rural_area_site,8.597910527,21.93655414401134
rural_area_site,8.604745608,10.7298525073779
rural_area_site,8.626493593,10.738373767219915
rural_area_site,8.782457714,10.215459699644587
rural_area_site,8.900518204,10.191433058015269
rural_area_site,8.900518204,10.191433058015269
rural_area_site,8.92288756,22.21465782572614
rural_area_site,8.92288756,22.21465782572614
rural_area_site,8.925994415,22.207035172080165
rural_area_site,9.039083937000001,10.18807206424546
rural_area_site,9.039083937000001,10.18807206424546
rural_area_site,9.053996841,10.224086771518193
rural_area_site,9.169571847,17.05966855255814
rural_area_site,9.205611365,23.354616570824522
rural_area_site,9.205611365,23.354616570824522
rural_area_site,9.205611365,23.354616570824522
rural_area_site,9.310001693,16.51034782995074
rural_area_site,9.367167825000001,16.86933675337669
rural_area_site,9.367167825000001,16.86933675337669
rural_area_site,9.482742831,21.456866242363294
rural_area_site,9.513811381,20.89671810347773
rural_area_site,9.513811381,20.89671810347773
rural_area_site,9.532452511,21.354591810578718
rural_area_site,9.532452511,21.354591810578718
rural_area_site,9.532452511,21.354591810578718
rural_area_site,9.532452511,21.354591810578718
rural_area_site,9.532452511,21.354591810578718
rural_area_site,9.532452511,21.354591810578718
rural_area_site,9.532452511,21.354591810578718
rural_area_site,9.532452511,21.354591810578718
rural_area_site,9.621929935,15.97000819087137
rural_area_site,9.621929935,15.97000819087137
rural_area_site,9.644920662,33.94106977829912
rural_area_site,9.705193649,28.685301425615766
rural_area_site,9.705193649,28.685301425615766
rural_area_site,9.802748896,21.905584125139665
rural_area_site,9.836924301,22.80291531461687
rural_area_site,9.871099706,22.519619101140684
rural_area_site,9.880420271,21.79504471544118
rural_area_site,9.949392452,22.137090746106303
rural_area_site,9.954984791,20.896761077317784
rural_area_site,9.956848904000001,22.12633089777778
rural_area_site,9.974247292,20.54192806132723
rural_area_site,10.160037221,21.154502021746673
rural_area_site,10.20912553,21.74724964970414
rural_area_site,10.20912553,21.74724964970414
rural_area_site,10.20912553,21.74724964970414
rural_area_site,10.215960611,21.969807765591398
rural_area_site,10.359497312,10.265397831874482
rural_area_site,10.359497312,10.265397831874482
rural_area_site,10.359497312,10.265397831874482
rural_area_site,10.359497312,10.265397831874482
rural_area_site,10.448353365000001,37.094745674556215
rural_area_site,10.455809817,22.93779118903108
rural_area_site,10.581326759,14.667992426800154
rural_area_site,10.581326759,14.667992426800154
rural_area_site,10.581326759,14.667992426800154
rural_area_site,10.670804183,19.57945721651376
rural_area_site,10.671425554,31.23344064585366
rural_area_site,10.671425554,31.23344064585366
rural_area_site,10.671425554,31.23344064585366
rural_area_site,10.676396522000001,31.68592537444353
rural_area_site,10.677639264,31.689613644187965
rural_area_site,10.681988861,26.375281138271603
rural_area_site,10.683852974,29.382636139343013
rural_area_site,10.690688055,22.719289845336483
rural_area_site,10.947314278,16.49658074541649
rural_area_site,10.97962557,18.470398155140185
rural_area_site,11.093957834,29.916290788314605
rural_area_site,11.435090513,20.061562303508776
rural_area_site,11.492878016,15.815887177981653
rural_area_site,11.492878016,15.815887177981653
rural_area_site,11.492878016,15.815887177981653
rural_area_site,11.518975598,28.20973615836735
rural_area_site,11.540723583,15.767212485313093
rural_area_site,11.554393745,23.75546401027984
rural_area_site,11.565578423,27.62845542322495
rural_area_site,11.59478286,17.530961065098698
rural_area_site,11.634550604000001,14.08825501997982
rural_area_site,11.646356653,17.750585923285353
rural_area_site,11.655677218000001,19.107667570491806
rural_area_site,11.740805045,19.965469136513935
rural_area_site,11.820961904,23.330845863157894
rural_area_site,11.876263923,29.814888509623433
rural_area_site,12.104928451000001,28.519464936910996
rural_area_site,12.104928451000001,28.519464936910996
rural_area_site,12.254057491000001,16.895674824818077
rural_area_site,12.254057491000001,16.895674824818077
rural_area_site,12.254057491000001,16.895674824818077
rural_area_site,12.254057491000001,16.895674824818077
rural_area_site,12.303767171,10.310419417039107
rural_area_site,12.303767171,10.310419417039107
rural_area_site,12.428041371,18.78293406196474
rural_area_site,12.428041371,18.78293406196474
rural_area_site,12.741833726,16.518041560532946
rural_area_site,12.741833726,16.518041560532946
rural_area_site,12.741833726,16.518041560532946
rural_area_site,12.741833726,16.518041560532946
rural_area_site,12.741833726,16.518041560532946
rural_area_site,12.841253086,10.307360336588628
rural_area_site,12.841253086,10.307360336588628
rural_area_site,12.841253086,10.307360336588628
rural_area_site,12.859272845,16.433575520766773
rural_area_site,12.859272845,16.433575520766773
rural_area_site,12.859272845,16.433575520766773
rural_area_site,12.873564378000001,16.422690205811485
rural_area_site,13.227745848,20.03360751064367
rural_area_site,13.227745848,20.03360751064367
rural_area_site,13.228367219,20.0345485857804
rural_area_site,13.348291822,30.51038130742857
rural_area_site,13.348291822,30.51038130742857
rural_area_site,13.348291822,18.546449463218835
rural_area_site,13.401108357,18.420767501030927
rural_area_site,13.720493051,17.902781799057628
rural_area_site,13.910632577,17.733101018838525
rural_area_site,13.96842008,36.70533743649635
rural_area_site,13.969041451,36.706970236204384
rural_area_site,14.008187824,29.11632573117783
rural_area_site,14.2293959,39.98893461358314
rural_area_site,14.230017271,39.99068085526932
rural_area_site,14.259843079,24.20341116661952
rural_area_site,14.259843079,24.20341116661952
rural_area_site,14.259843079,24.20341116661952
rural_area_site,14.407108006,17.162670027001987
rural_area_site,14.407108006,17.162670027001987
rural_area_site,14.407108006,17.162670027001987
rural_area_site,14.407108006,17.162670027001987
rural_area_site,14.407108006,17.162670027001987
rural_area_site,14.532003577000001,20.669779880363496
rural_area_site,14.687346327,30.405087278435882
rural_area_site,14.687346327,30.405087278435882
rural_area_site,14.704123344000001,11.308447775774408
rural_area_site,14.704123344000001,11.308447775774408
rural_area_site,14.704123344000001,11.308447775774408
rural_area_site,14.749483427,15.5303130556303
rural_area_site,15.106150381,32.255125368683274
rural_area_site,15.11174272,32.228835184834125
rural_area_site,15.12417014,14.663887019660653
rural_area_site,15.421806849000001,32.8901093936019
rural_area_site,15.42242822,32.89143459241706
rural_area_site,15.550430646,32.910964330158734
rural_area_site,15.567207663,15.220518084410646
rural_area_site,15.603247181,32.772281126954496
rural_area_site,15.604489923000001,32.774891320186704
rural_area_site,15.708880251,37.72646357811875
rural_area_site,15.783444771000001,31.602002878531703
rural_area_site,15.783444771000001,31.602002878531703
rural_area_site,15.784066142,31.58567988393552
rural_area_site,15.881000018,26.443848318593897
rural_area_site,15.881000018,26.443848318593897
rural_area_site,15.881621389000001,35.16226137785978
rural_area_site,15.889077841,42.43373904124629
rural_area_site,15.925117359,15.235296968482594
rural_area_site,15.925117359,15.235296968482594
rural_area_site,15.925117359,15.235296968482594
rural_area_site,15.979798007,15.210807198625067
rural_area_site,15.982904862,29.537195843531826
rural_area_site,16.017080267,15.190065585142255
rural_area_site,16.085431077,32.69765775110107
rural_area_site,16.244502053,36.48172638228322
rural_area_site,16.244502053,36.48172638228322
rural_area_site,16.378096818,32.21920685508197
rural_area_site,16.417243191,31.106355519789474
rural_area_site,16.417243191,31.106355519789474
rural_area_site,16.419107304,20.312297695670104
rural_area_site,16.442098031,33.3661515848929
rural_area_site,16.499885534,14.526678386500368
rural_area_site,16.511691583,20.21152318898334
rural_area_site,16.541517391,15.284769663141683
rural_area_site,16.541517391,15.284769663141683
rural_area_site,16.544002875,30.684394822256568
rural_area_site,16.674490785,30.02909796198099
rural_area_site,16.674490785,30.02909796198099
rural_area_site,16.778881113,26.65665137105031
rural_area_site,16.778881113,26.65665137105031
rural_area_site,16.941058944,35.66538725052632
rural_area_site,17.366076708,24.828386079745833
rural_area_site,17.430699292,29.557474070277905
rural_area_site,17.458039616,14.701507045052631
rural_area_site,17.675519466,25.919295347291243
rural_area_site,17.675519466,25.919295347291243
rural_area_site,17.7090735,18.828312049616063
rural_area_site,17.709694871,18.828972692144124
rural_area_site,17.896106171,14.02088840383025
rural_area_site,18.081274729,25.738469365124555
rural_area_site,18.0818961,25.73935387900356
rural_area_site,18.093702149000002,33.52410073926917
rural_area_site,18.149004168,34.58783218888301
rural_area_site,18.149004168,34.58783218888301
rural_area_site,18.149004168,34.58783218888301
rural_area_site,18.149004168,34.58783218888301
rural_area_site,18.160810217,34.55545284418605
rural_area_site,18.481437653,11.22165214214876
rural_area_site,18.494486444,25.412271449770994
rural_area_site,18.88346469,11.29431348795481
rural_area_site,18.88346469,11.29431348795481
rural_area_site,19.066769135,28.719819617573226
rural_area_site,19.066769135,28.719819617573226
rural_area_site,19.140090913,29.9323750159861
rural_area_site,19.229568337,17.363041387810384
rural_area_site,19.229568337,17.363041387810384
rural_area_site,19.446426816,27.4969114444619
rural_area_site,19.777617559,17.27302843580786
rural_area_site,19.777617559,17.27302843580786
rural_area_site,19.828569981,13.62788314845361
rural_area_site,19.874551435,37.47951030172866
rural_area_site,19.941659503,26.958308002553512
rural_area_site,20.0702833,11.280721292740047
rural_area_site,20.0702833,11.280721292740047
rural_area_site,20.0702833,11.280721292740047
rural_area_site,20.0702833,11.280721292740047
rural_area_site,20.0702833,11.280721292740047
rural_area_site,20.0702833,11.280721292740047
rural_area_site,20.0702833,11.280721292740047
rural_area_site,20.0702833,11.280721292740047
rural_area_site,20.096380882000002,25.085634942857144
rural_area_site,20.097002253,25.077715116395144
rural_area_site,20.097002253,25.077715116395144
rural_area_site,20.122478464,38.04670297815127
rural_area_site,20.34368654,29.388953268057787
rural_area_site,20.402095414,44.03329945467626
rural_area_site,20.415765576000002,37.7681172012333
rural_area_site,20.456776062,26.519407210370904
rural_area_site,20.490951467000002,13.570166534437087
rural_area_site,20.522020017,33.71943042501141
rural_area_site,20.543146631,25.501837197103445
rural_area_site,20.553088567,26.34073294453542
rural_area_site,20.833948259,33.588093924048366
rural_area_site,21.09554545,25.553150612382233
rural_area_site,21.09554545,25.553150612382233
rural_area_site,21.096166821,26.179317668252327
rural_area_site,21.140905533,36.25881844630777
rural_area_site,21.156439808000002,26.8085826500528
rural_area_site,21.156439808000002,26.8085826500528
rural_area_site,21.203042633,44.02015771557093
rural_area_site,21.275121669,43.816040050572084
rural_area_site,21.285063605,33.47585363826999
rural_area_site,21.285063605,33.47585363826999
rural_area_site,21.285063605,33.47585363826999
rural_area_site,21.347200705,38.656902685110666
rural_area_site,21.347200705,38.656902685110666
rural_area_site,21.347200705,38.656902685110666
rural_area_site,21.354035786,28.84597704675422
rural_area_site,21.354035786,28.84597704675422
rural_area_site,21.421765225,30.361557011811023
rural_area_site,21.627439026,35.53572820337745
rural_area_site,21.629924510000002,35.52359864781022
rural_area_site,21.631167252,35.52563964744525
rural_area_site,21.643594672,40.039537933812944
rural_area_site,21.997776142,28.282855039714285
rural_area_site,22.150012037,33.211180063806744
rural_area_site,22.176109619,32.93481626584158
rural_area_site,22.186051555,33.16851561378738
rural_area_site,22.326481401,13.18060561554608
rural_area_site,22.326481401,13.18060561554608
rural_area_site,22.376191081,32.665972381021895
rural_area_site,22.421551164,33.451133108329884
rural_area_site,22.558874155,13.136840336137173
rural_area_site,22.920512077,29.125959575432404
rural_area_site,22.921133448,29.126749175008822
rural_area_site,22.985134661,34.40602277738046
rural_area_site,23.160982654,32.736371242402825
rural_area_site,24.546018613,42.895954857669906
rural_area_site,24.546018613,42.895954857669906
rural_area_site,24.611883939000002,27.0295247652227
rural_area_site,24.611883939000002,27.0295247652227
rural_area_site,24.875345243,28.27636339589517
rural_area_site,24.875966614,28.277069722260816
rural_area_site,25.062377914,34.64844872903225
rural_area_site,25.123893643,31.263745978154162
rural_area_site,25.123893643,31.263745978154162
rural_area_site,25.872645698,29.419306542261527
rural_area_site,26.978064707,36.27980311737019
rural_area_site,27.798274427,46.287598490841816
rural_area_site,27.938704273,45.51101148542986
rural_area_site,27.938704273,45.51101148542986
rural_area_site,28.311526873000002,39.64274474632439
rural_area_site,28.311526873000002,39.64274474632439
rural_area_site,28.466869623,22.09588845252264
rural_area_site,28.467490994000002,22.091607583186033
rural_area_site,28.587415597,34.46573883094441
rural_area_site,28.587415597,34.46573883094441
rural_area_site,28.587415597,34.46573883094441
rural_area_site,28.587415597,34.46573883094441
rural_area_site,28.587415597,34.46573883094441
rural_area_site,28.587415597,34.46573883094441
rural_area_site,28.587415597,34.46573883094441
rural_area_site,28.587415597,34.46573883094441
rural_area_site,28.587415597,34.46573883094441
rural_area_site,28.853983756,29.585400604272287
rural_area_site,29.064007154000002,42.54999014005694
rural_area_site,29.167776111000002,45.574650173437504
rural_area_site,29.375314025,23.673859523169916
rural_area_site,29.793496708,23.71359454981207
rural_area_site,29.793496708,23.71359454981207
rural_area_site,29.954431797,20.45446784317147
rural_area_site,30.293700363,40.4815595051225
rural_area_site,30.46582013,40.81762280163752
rural_area_site,30.471412469,40.80992741383928
rural_area_site,30.640425381,30.555548856398893
rural_area_site,30.641046752,30.556168506149586
rural_area_site,30.823108455,25.62660287251732
rural_area_site,30.823108455,25.62660287251732
rural_area_site,30.992742738,36.7745134663151
rural_area_site,30.992742738,36.7745134663151
rural_area_site,31.0064129,36.62174751968504
rural_area_site,31.007034271000002,36.62248142244095
rural_area_site,31.007034271000002,36.62248142244095
rural_area_site,31.552598009,45.05726014771916
rural_area_site,31.898080285,27.45889264131994
rural_area_site,31.898080285,27.45889264131994
rural_area_site,31.898080285,27.45889264131994
rural_area_site,31.923556496,43.697643872851714
rural_area_site,32.052180293,28.07490244642336
rural_area_site,32.295136354,30.371601586833858
rural_area_site,32.295136354,30.371601586833858
rural_area_site,32.338010953,36.09824478474419
rural_area_site,32.432459345,38.031548417589576
rural_area_site,32.432459345,38.031548417589576
rural_area_site,32.432459345,38.031548417589576
rural_area_site,32.470984347,39.478400421884494
rural_area_site,32.470984347,39.478400421884494
rural_area_site,32.470984347,39.478400421884494
rural_area_site,32.525664995,29.977571423963134
rural_area_site,32.525664995,29.977571423963134
rural_area_site,32.525664995,29.977571423963134
rural_area_site,32.759300491,36.670858758582085
rural_area_site,32.91402187,24.058980453197968
rural_area_site,32.91402187,24.058980453197968
rural_area_site,33.115346074,47.382848118600954
rural_area_site,33.916293293,36.523678089979065
rural_area_site,33.918157406,36.52568551049955
rural_area_site,33.918157406,36.52568551049955
rural_area_site,34.732153416,31.670656610334348
rural_area_site,34.892467134,43.255124546280996
rural_area_site,35.598965961,24.48534150928544
rural_area_site,35.598965961,24.48534150928544
rural_area_site,35.994157917,29.850027298134073
rural_area_site,35.994157917,29.850027298134073
rural_area_site,36.487526491000004,31.01655144453365
rural_area_site,36.741045859,39.54193276304933
rural_area_site,36.807532556,42.186283731805155
rural_area_site,36.807532556,42.186283731805155
rural_area_site,37.696714457,29.291640847226418
rural_area_site,37.696714457,29.291640847226418
rural_area_site,38.393271348,30.721444065970214
rural_area_site,39.100391546,34.265192201947414
rural_area_site,39.101012917,34.265736733495615
rural_area_site,39.242685505,38.1099724353925
rural_area_site,39.242685505,38.1099724353925
rural_area_site,39.516710116,25.809172064150943
rural_area_site,39.52540931,47.74881661610738
rural_area_site,39.526030681,25.796539240681657
rural_area_site,39.779550049,37.52787740471698
rural_area_site,40.121304099,37.31250187455438
rural_area_site,40.272297252,35.89509039544442
rural_area_site,40.365502902,39.921925947032975
rural_area_site,40.617158157,44.853303486257666
rural_area_site,40.758830745,50.75468373642338
rural_area_site,40.799841231,41.42115861015229
rural_area_site,40.800462602,41.42178944365482
rural_area_site,40.843337201000004,36.48536325647643
rural_area_site,40.983145676,27.146149849788408
rural_area_site,40.986252531,27.148207748224472
rural_area_site,40.986252531,27.148207748224472
rural_area_site,41.376473519,32.80231329407619
rural_area_site,41.557913851,36.50768420292826
rural_area_site,41.557913851,36.50768420292826
rural_area_site,41.797141686,36.673095313087984
rural_area_site,41.860521528,36.818440630539946
rural_area_site,41.861142899,36.81898715768385
rural_area_site,42.257577597,28.109253390465632
rural_area_site,42.319714697,34.121158546293394
rural_area_site,42.498669545,30.27210335615354
rural_area_site,42.498669545,30.27210335615354
rural_area_site,42.498669545,30.27210335615354
rural_area_site,42.611759067,44.25918425885747
rural_area_site,43.075301833,42.357576235673314
rural_area_site,43.076544575,42.358798270964215
rural_area_site,43.274140553,41.76592653908847
rural_area_site,43.366103461,26.773790509277998
rural_area_site,43.696672833,41.90410820426212
rural_area_site,44.090000676,42.11302797389228
rural_area_site,44.090000676,42.11302797389228
rural_area_site,44.256528104,25.864204736103897
rural_area_site,44.769159179,35.85516641699666
rural_area_site,44.8008491,40.4015673246493
rural_area_site,44.801470471,40.40212767925852
rural_area_site,44.844966441000004,35.22624464054113
rural_area_site,44.844966441000004,35.22624464054113
rural_area_site,44.851180151,39.468161462625275
rural_area_site,45.465094699,42.65685194589523
rural_area_site,45.872092704,34.54801960970712
rural_area_site,45.872092704,34.54801960970712
rural_area_site,45.872092704,34.54801960970712
rural_area_site,45.873956817,25.243999471293183
rural_area_site,46.042348358,39.33375749615567
rural_area_site,46.09330078,35.208122810948446
rural_area_site,46.093922151,35.20859744188415
rural_area_site,46.376645956,34.416805904267164
rural_area_site,46.376645956,34.416805904267164
rural_area_site,46.377267327,34.41726703302412
rural_area_site,46.909782274,24.535117853610345
rural_area_site,47.188777853,34.430401352006484
rural_area_site,47.710108122,38.91173294952424
rural_area_site,48.186699679,27.35721792215739
rural_area_site,48.37373235,41.072036900943395
rural_area_site,48.374353721,41.072564480094336
rural_area_site,48.928616653,40.80218205948575
rural_area_site,49.188971102000004,40.76434069226519
rural_area_site,49.188971102000004,40.76434069226519
rural_area_site,49.188971102000004,40.76434069226519
rural_area_site,49.306410221,42.30292583307913
rural_area_site,49.530725152,42.10404027088548
rural_area_site,49.656242094,41.00056686660551
rural_area_site,49.656242094,41.00056686660551
rural_area_site,50.041492114,40.59246769049121
rural_area_site,50.041492114,40.59246769049121
rural_area_site,50.07007518,30.233524093928214
rural_area_site,50.245301802,30.17735843963964
rural_area_site,50.245301802,30.17735843963964
rural_area_site,50.322351806,42.797180841389086
rural_area_site,50.502549396,42.8189302462553
rural_area_site,50.502549396,42.8189302462553
rural_area_site,50.948072403,26.265653823686094
rural_area_site,51.23203895,44.35674367965368
rural_area_site,51.450140171,27.09486609356349
rural_area_site,51.450140171,27.09486609356349
rural_area_site,51.575035742000004,41.27837453783905
rural_area_site,51.711115991,26.35707455296616
rural_area_site,51.711737362,26.357391264788333
rural_area_site,51.711737362,26.357391264788333
rural_area_site,51.934809551,40.591687881806344
rural_area_site,51.934809551,40.591687881806344
rural_area_site,52.004403103,31.2026418618
rural_area_site,52.004403103,31.2026418618
rural_area_site,52.005645845000004,31.203387507000002
rural_area_site,52.009995442,30.88173900564077
rural_area_site,52.009995442,30.88173900564077
rural_area_site,52.046656331,36.78931136689574
rural_area_site,52.091395043,44.68168266733381
rural_area_site,52.159124482,49.59663183708399
rural_area_site,52.451168852,26.24016229394108
rural_area_site,52.506470871,43.89765330599164
rural_area_site,52.591598698,42.44110184102219
rural_area_site,52.82896242,42.47080498258151
rural_area_site,52.87245839,40.224186433643276
rural_area_site,52.87245839,40.224186433643276
rural_area_site,53.200542278,42.78863990187667
rural_area_site,53.200542278,42.78863990187667
rural_area_site,53.814456826000004,49.44666783399694
rural_area_site,54.132598778,37.4692089215151
rural_area_site,54.489265732,37.63648438894858
rural_area_site,54.489265732,37.63648438894858
rural_area_site,54.489265732,37.63648438894858
rural_area_site,54.689968565,32.45695463798219
rural_area_site,54.814242765,36.95342208876404
rural_area_site,54.814242765,36.95342208876404
rural_area_site,54.814242765,36.95342208876404
rural_area_site,55.162831896,39.43331906783161
rural_area_site,55.162831896,39.43331906783161
rural_area_site,56.023430731,34.236012668748934
rural_area_site,56.293727116,44.51074404076433
rural_area_site,56.293727116,44.51074404076433
rural_area_site,56.795794884,42.74824620163078
rural_area_site,58.022381238,43.18390995592309
rural_area_site,58.310076011,39.83986973611691
rural_area_site,58.403903032,48.26768845619835
rural_area_site,58.416330452000004,24.899217336869526
rural_area_site,58.416330452000004,24.899217336869526
rural_area_site,58.416330452000004,24.899217336869526
rural_area_site,58.889815154000004,39.64902460340378
rural_area_site,59.046400646,40.79981618533589
rural_area_site,60.045565214,48.10058628624833
rural_area_site,60.391668861,39.557861699344976
rural_area_site,60.583051129,40.37374751284709
rural_area_site,60.583051129,40.37374751284709
rural_area_site,60.611634195,47.08715647432024
rural_area_site,60.615983792,47.09053553111782
rural_area_site,60.743364847,40.94291583021906
rural_area_site,60.744607589000005,40.94375347695188
rural_area_site,60.893736629,54.64044164117648
rural_area_site,61.456698755,41.24610654697987
rural_area_site,61.456698755,41.24610654697987
rural_area_site,61.456698755,41.24610654697987
rural_area_site,61.518214484,46.7128395153765
rural_area_site,61.568545535,43.70868939577993
rural_area_site,61.569166906,43.7091305189509
rural_area_site,61.766141513,32.632537341766955
rural_area_site,61.766141513,32.632537341766955
rural_area_site,61.766141513,32.632537341766955
rural_area_site,61.766141513,32.632537341766955
rural_area_site,62.234033876,49.186064095192094
rural_area_site,62.234033876,49.186064095192094
rural_area_site,62.635439542,23.7730714128835
rural_area_site,62.793267776,41.9476273879384
rural_area_site,62.797617373,41.94275000794063
rural_area_site,62.913192379,47.62142400428932
rural_area_site,62.913192379,47.62142400428932
rural_area_site,62.928105283,38.87784091621761
rural_area_site,62.928105283,38.87784091621761
rural_area_site,62.928105283,38.87784091621761
rural_area_site,63.345666595000004,39.701323074860724
rural_area_site,63.353744418,35.50887122914526
rural_area_site,63.515922249,46.53181117142857
rural_area_site,63.809830732,48.087793727276534
rural_area_site,64.285179547,45.565396016774955
rural_area_site,64.285179547,45.565396016774955
rural_area_site,65.074320717,38.658012307128715
rural_area_site,65.089854992,49.35203832586352
rural_area_site,65.106632009,38.60076996581027
rural_area_site,65.183682013,23.9694847034525
rural_area_site,65.183682013,23.9694847034525
rural_area_site,65.632311875,42.13952608346709
rural_area_site,65.632311875,42.13952608346709
rural_area_site,65.68512841,44.48202826862303
rural_area_site,65.71743970200001,43.56957328309393
rural_area_site,65.781440915,44.85098244204546
rural_area_site,66.0517373,37.02682252880722
rural_area_site,66.157991741,38.094812902687146
rural_area_site,67.371529304,43.010729826990605
rural_area_site,67.625048672,54.36582742724431
rural_area_site,67.67972932,50.18476324449022
rural_area_site,68.041367242,37.06293267834771
rural_area_site,68.178690233,34.760414224444126
rural_area_site,68.179311604,34.76073102597366
rural_area_site,69.514016512,49.06871753788235
rural_area_site,69.514016512,49.06871753788235
rural_area_site,70.014841538,48.866504369290425
rural_area_site,71.617357347,41.31770616173076
rural_area_site,72.254262622,54.58873986132214
rural_area_site,72.256126735,54.57869413470415
rural_area_site,72.898624349,43.564914949601594
rural_area_site,73.987266341,46.395080792126805
rural_area_site,75.131210352,52.82663227875
rural_area_site,75.317000281,44.96537330208955
rural_area_site,75.317000281,44.96537330208955
rural_area_site,75.711570866,46.32251106689327
rural_area_site,75.948934588,41.32650612406288
rural_area_site,76.902117702,50.45518930694369
rural_area_site,78.36109681,33.77229121465342
rural_area_site,78.44249641100001,42.47149753039555
rural_area_site,78.44249641100001,42.47149753039555
rural_area_site,78.569256095,47.87564690961408
rural_area_site,78.569256095,47.87564690961408
rural_area_site,78.751317798,42.59386178978366
rural_area_site,78.751317798,42.59386178978366
rural_area_site,78.751317798,42.59386178978366
rural_area_site,79.19994766,38.79181109877552
rural_area_site,79.19994766,38.79181109877552
rural_area_site,79.22790935500001,46.98854591070841
rural_area_site,79.4112138,47.29986262078094
rural_area_site,79.4112138,47.29986262078094
rural_area_site,80.153130774,48.45529316312343
rural_area_site,80.820483228,52.480833264935065
rural_area_site,80.861493714,32.752180172187224
rural_area_site,81.174664698,32.55668370240642
rural_area_site,81.174664698,32.55668370240642
rural_area_site,81.420106243,51.37815643730062
rural_area_site,81.476029633,54.83524148042625
rural_area_site,81.555565121,48.851919207254575
rural_area_site,81.621430447,41.426356916565624
rural_area_site,81.735762711,47.29166598514948
rural_area_site,81.752539728,48.41407189024511
rural_area_site,81.752539728,48.41407189024511
rural_area_site,81.799142553,49.23539762427688
rural_area_site,81.800385295,49.2279149217653
rural_area_site,82.362104679,56.283898413895216
rural_area_site,82.544166382,41.829814044932434
rural_area_site,82.544166382,41.829814044932434
rural_area_site,82.864172447,40.66953248932515
rural_area_site,82.925066805,46.65263955274261
rural_area_site,83.150003107,33.10550886808228
rural_area_site,83.209654723,47.28567592782952
rural_area_site,83.209654723,47.28567592782952
rural_area_site,83.305967228,42.733183531034484
rural_area_site,83.305967228,42.733183531034484
rural_area_site,83.456960381,45.86947440787787
rural_area_site,83.657041843,52.73425855976186
rural_area_site,83.657041843,52.73425855976186
rural_area_site,83.770752736,40.12970190946108
rural_area_site,84.046020089,52.50141806704841
rural_area_site,84.162216466,48.45417867865025
rural_area_site,84.240509212,42.385161867672956
rural_area_site,84.241751954,42.385787146666665
rural_area_site,84.28897615,48.32621661729575
rural_area_site,84.774266901,51.62167808585927
rural_area_site,84.774266901,51.62167808585927
rural_area_site,84.827704807,45.234741120604355
rural_area_site,84.89543424600001,39.20764121688262
rural_area_site,84.91034715,53.49619351417571
rural_area_site,85.691410497,46.3684169230723
rural_area_site,85.739877435,50.14842546969943
rural_area_site,85.85731655400001,55.86234223647208
rural_area_site,85.857937925,55.86274652629677
rural_area_site,86.24008109,50.171992877181644
rural_area_site,86.240702461,50.172354372915315
rural_area_site,86.299111335,44.17415054827243
rural_area_site,86.540824654,50.428450753382975
rural_area_site,87.32002388800001,53.966023347090136
rural_area_site,87.32002388800001,53.966023347090136
rural_area_site,87.621388823,48.43190538350991
rural_area_site,87.680419068,53.481787300033886
rural_area_site,87.727021893,44.97540285029906
rural_area_site,87.727021893,44.97540285029906
rural_area_site,87.727021893,44.97540285029906
rural_area_site,87.811528349,45.524409858352534
rural_area_site,87.96190013100001,44.9294609068672
rural_area_site,87.96190013100001,44.9294609068672
rural_area_site,88.040192877,46.87837514527436
rural_area_site,88.040192877,46.87837514527436
rural_area_site,88.14271909200001,53.40184933207674
rural_area_site,88.549095726,40.790370392015355
rural_area_site,88.587620728,51.7551825090555
rural_area_site,88.709409444,50.33951355586381
rural_area_site,88.807586062,39.56773636425743
rural_area_site,88.883393324,44.39853142311642
rural_area_site,88.902034454,52.31240994351095
rural_area_site,88.976598974,48.356847268478255
rural_area_site,88.984055426,44.80316077393007
rural_area_site,88.984055426,44.80316077393007
rural_area_site,88.984055426,44.80316077393007
rural_area_site,89.167359871,48.59256668719346
rural_area_site,89.512220776,54.654680256716425
rural_area_site,89.606047797,44.55549337972376
rural_area_site,89.653271993,44.99536862885822
rural_area_site,89.76263328900001,41.086520005136684
rural_area_site,89.90182039300001,34.54440745168108
rural_area_site,89.90182039300001,34.54440745168108
rural_area_site,90.566065992,44.79156993696937
rural_area_site,90.566065992,44.79156993696937
rural_area_site,90.640630512,35.9249443843664
rural_area_site,90.644980109,38.82935844745359
rural_area_site,90.644980109,38.82935844745359
rural_area_site,90.646222851,38.82989079766778
rural_area_site,90.92521843,48.22197795344726
rural_area_site,92.50350077,49.55544684107143
rural_area_site,92.50350077,49.55544684107143
rural_area_site,92.89869272600001,48.93697597506585
rural_area_site,93.44798469,49.28402356929388
rural_area_site,94.073705287,48.72882576017266
rural_area_site,94.073705287,48.72882576017266
rural_area_site,94.073705287,48.72882576017266
rural_area_site,94.080540368,39.90220845014138
rural_area_site,94.124036338,39.88776113205415
rural_area_site,94.124036338,39.88776113205415
rural_area_site,94.124657709,39.88802445584462
rural_area_site,94.15386214600001,48.749302995196324
rural_area_site,94.154483517,31.358695592672774
rural_area_site,94.489402486,50.55161969826126
rural_area_site,94.501829906,45.054507702502974
rural_area_site,94.619890396,41.800417894907355
rural_area_site,95.082811791,30.505135232831297
rural_area_site,95.45501302,46.2438496665321
rural_area_site,95.751406987,50.314562130083196
rural_area_site,96.0639566,45.65415759207921
rural_area_site,96.329282017,42.966846148085736
rural_area_site,96.329903388,42.967123305265766
rural_area_site,96.477168315,46.27818866542305
rural_area_site,97.700026443,41.98640267336755
rural_area_site,97.836728063,45.77156868444444
rural_area_site,97.837349434,45.771859384327485
rural_area_site,98.18221033900001,49.05703778215128
rural_area_site,98.264231311,40.405623383163906
rural_area_site,98.264231311,40.405623383163906
rural_area_site,98.264231311,40.405623383163906
rural_area_site,98.316426475,46.6876580015829
rural_area_site,98.321397443,46.68386056380901
rural_area_site,98.640782137,29.023850894417652
rural_area_site,98.640782137,29.023850894417652
rural_area_site,98.640782137,29.023850894417652
rural_area_site,100.03638140300001,49.78310382233896
rural_area_site,100.449593118,39.82582987057269
rural_area_site,100.449593118,39.82582987057269
rural_area_site,101.188403237,46.97939794340985
rural_area_site,101.551905272,43.66258915313508
rural_area_site,101.551905272,43.66258915313508
rural_area_site,101.77622020300001,48.83956181428953
rural_area_site,101.789890365,39.57701753040285
rural_area_site,101.789890365,39.57701753040285
rural_area_site,101.80542464,40.713122495445454
rural_area_site,101.920378275,49.55609964748785
rural_area_site,101.920999646,49.55640177277147
rural_area_site,102.35844483,56.568990081056185
rural_area_site,102.39137749300001,53.69394886741442
rural_area_site,102.39137749300001,53.69394886741442
rural_area_site,102.526836371,55.13018833989544
rural_area_site,102.527457742,55.13052246022404
rural_area_site,102.86548356600001,41.329881789910715
rural_area_site,103.07923519,36.85423047810111
rural_area_site,103.187975115,27.834310685898398
rural_area_site,103.23022834300001,51.62945568696861
rural_area_site,103.230849714,51.629766458794116
rural_area_site,103.467592065,46.334535568354276
rural_area_site,103.467592065,46.334535568354276
rural_area_site,103.467592065,46.334535568354276
rural_area_site,103.467592065,46.334535568354276
rural_area_site,103.577574732,27.746057670600493
rural_area_site,103.713654981,56.588232484328586
rural_area_site,103.714276352,56.579996191422936
rural_area_site,103.752801354,57.08544778762036
rural_area_site,103.752801354,57.08544778762036
rural_area_site,103.752801354,57.08544778762036
rural_area_site,104.15358564900001,46.14805025678769
rural_area_site,104.315142109,59.87476269011481
rural_area_site,104.316384851,59.87547599866072
rural_area_site,104.467999375,44.182894472509396
rural_area_site,104.467999375,44.182894472509396
rural_area_site,104.578603413,27.522697001739893
rural_area_site,104.65006107800001,44.30153103019756
rural_area_site,104.65006107800001,44.30153103019756
rural_area_site,104.65006107800001,44.30153103019756
rural_area_site,104.772471165,40.86466914344528
rural_area_site,104.797326005,40.27224312745517
rural_area_site,105.047738518,45.656387621006886
rural_area_site,105.157721185,46.41586516257969
rural_area_site,105.157721185,46.41586516257969
rural_area_site,105.15834255600001,46.41613943128985
rural_area_site,105.318034903,35.97200433119545
rural_area_site,105.318034903,35.97200433119545
rural_area_site,105.734974844,55.936210057075684
rural_area_site,106.082942604,36.5068916331517
rural_area_site,106.41226923400001,48.32650047210799
rural_area_site,106.41226923400001,48.32650047210799
rural_area_site,106.569476097,52.670251777759475
rural_area_site,106.719226508,42.35356801111234
rural_area_site,106.834801514,46.29336608695233
rural_area_site,106.880161597,56.5171242287309
rural_area_site,107.233721696,38.600279782581744
rural_area_site,107.233721696,38.600279782581744
rural_area_site,107.234343067,38.60050345377462
rural_area_site,107.234343067,38.60050345377462
rural_area_site,107.234343067,38.60050345377462
rural_area_site,107.472949531,43.846624921985494
rural_area_site,107.472949531,43.846624921985494
rural_area_site,107.690429381,41.758460337311504
rural_area_site,108.085621337,53.8558113236263
rural_area_site,108.846800812,48.132721155042375
rural_area_site,109.276789544,51.16353782785798
rural_area_site,109.277410915,51.16382875458447
rural_area_site,110.64194163100001,54.37692694492833
rural_area_site,111.01849245700001,53.1188959124402
rural_area_site,111.555357001,39.085088584291974
rural_area_site,111.555357001,39.085088584291974
rural_area_site,111.555357001,39.085088584291974
rural_area_site,111.671553378,45.834864001915406
rural_area_site,111.880334034,43.15076093019071
rural_area_site,111.951170328,44.865213534543024
rural_area_site,111.951170328,44.865213534543024
rural_area_site,112.062395737,47.827459947030235
rural_area_site,112.218359858,35.443594971819614
rural_area_site,113.08330829,45.79816738035775
rural_area_site,113.08330829,45.79816738035775
rural_area_site,113.643784932,38.937624988598074
rural_area_site,113.643784932,38.937624988598074
rural_area_site,113.67733896600001,47.207108118306614
rural_area_site,113.67733896600001,47.207108118306614
rural_area_site,113.95882002900001,59.063022186063925
rural_area_site,113.95882002900001,59.063022186063925
rural_area_site,113.95882002900001,59.063022186063925
rural_area_site,114.081230116,50.815692702004455
rural_area_site,114.280690207,58.39751380343507
rural_area_site,114.602560385,50.123826677924924
rural_area_site,114.924430563,33.03744709948095
rural_area_site,115.328943084,44.121593528416575
rural_area_site,115.760174558,33.03762711342952
rural_area_site,115.764524155,33.03624946159334
rural_area_site,115.770737865,33.035403956404565
rural_area_site,115.927323357,34.43101757983665
rural_area_site,117.44533271,36.78788808457322
rural_area_site,117.44533271,36.78788808457322
rural_area_site,117.553451264,36.738642638284574
rural_area_site,117.553451264,36.738642638284574
rural_area_site,117.553451264,36.738642638284574
rural_area_site,118.000838384,37.89162591940059
rural_area_site,118.000838384,37.89162591940059
rural_area_site,118.017615401,35.246674584668995
rural_area_site,118.04184887,56.849586077859534
rural_area_site,119.755590088,55.06004141977012
rural_area_site,119.769881621,52.562669003486526
rural_area_site,119.96188526,39.461146467105266
rural_area_site,120.117849381,42.17950231872805
rural_area_site,120.46519577000001,51.850155998565285
rural_area_site,120.55405182300001,51.142421230591566
rural_area_site,120.55405182300001,51.142421230591566
rural_area_site,121.404087351,51.56987781281416
rural_area_site,121.404087351,51.56987781281416
rural_area_site,121.404087351,51.56987781281416
rural_area_site,121.405951464,57.49295254806629
rural_area_site,121.405951464,57.49295254806629
rural_area_site,121.655121235,57.05555451354873
rural_area_site,121.898698667,51.976230629065505
rural_area_site,122.224297071,59.07726496450053
rural_area_site,122.751219679,48.0853526490098
rural_area_site,122.75184105,48.08559605875952
rural_area_site,123.065012034,48.371442659941046
rural_area_site,123.065633405,48.371686893547334
rural_area_site,123.174994701,51.477824579010914
rural_area_site,123.182451153,43.57869734186321
rural_area_site,123.87652256,51.37735958709678
rural_area_site,123.942387886,57.68488641106658
rural_area_site,123.979670146,48.83759848184703
rural_area_site,124.412144362,50.80927052787295
rural_area_site,124.412144362,50.80927052787295
rural_area_site,124.43264960500001,57.23965481446461
rural_area_site,124.60601211400001,54.852243043580344
rural_area_site,124.730286314,51.98900436846127
rural_area_site,124.962679068,56.94501830946835
rural_area_site,125.06706939600001,34.71674376016655
rural_area_site,125.06706939600001,34.71674376016655
rural_area_site,125.06706939600001,34.71674376016655
rural_area_site,125.06706939600001,34.71674376016655
rural_area_site,125.06706939600001,34.71674376016655
rural_area_site,125.53993272700001,51.015211402776835
rural_area_site,125.54179684,51.01021090564334
rural_area_site,125.913998069,57.22640992909986
rural_area_site,126.311675509,49.17508725342273
rural_area_site,126.311675509,49.17508725342273
rural_area_site,126.419172692,55.54174050417379
rural_area_site,127.200236039,54.985692812247834
rural_area_site,127.440706616,51.6012308871443
rural_area_site,127.440706616,51.6012308871443
rural_area_site,127.440706616,51.6012308871443
rural_area_site,127.48420258600001,56.40893919734514
rural_area_site,127.902385269,44.59118603219059
rural_area_site,128.305655048,45.382232086146594
rural_area_site,128.330509888,50.76253550124162
rural_area_site,128.330509888,50.76253550124162
rural_area_site,128.330509888,50.76253550124162
rural_area_site,128.764226846,45.33951649507043
rural_area_site,128.764226846,45.33951649507043
rural_area_site,128.892850643,55.5838838422137
rural_area_site,128.892850643,55.5838838422137
rural_area_site,128.961822824,51.95418108397493
rural_area_site,129.125864768,52.902368631478325
rural_area_site,129.26380913,56.833135425989255
rural_area_site,129.553368016,59.08933546909921
rural_area_site,129.56144583900002,53.43352102421814
rural_area_site,129.563309952,53.42816905237114
rural_area_site,129.563309952,53.42816905237114
rural_area_site,129.563309952,53.42816905237114
rural_area_site,129.577601485,53.41570655513569
rural_area_site,129.78078980200002,51.987408844686776
rural_area_site,131.052114868,57.255778340388346
rural_area_site,131.633718124,55.044881547961445
rural_area_site,132.201029847,49.364558391162745
rural_area_site,132.551483091,52.862007214755735
rural_area_site,133.885566628,51.5219711235489
rural_area_site,134.656066668,54.33940589673803
rural_area_site,134.771020303,49.10684950311741
rural_area_site,134.771020303,49.10684950311741
rural_area_site,134.895915874,53.92241807088608
rural_area_site,135.343924365,46.15308588746802
rural_area_site,135.40916832,51.77071006287171
rural_area_site,136.079006258,43.80617209414289
rural_area_site,136.080249,43.802655257510736
rural_area_site,136.220057475,49.04903049709942
rural_area_site,137.592044643,57.0789768051164
rural_area_site,137.687735777,51.069013888028024
rural_area_site,137.687735777,51.069013888028024
rural_area_site,138.165570076,58.277217606748685
rural_area_site,138.76208623600002,46.998166379678246
rural_area_site,140.323591559,55.094877261686115
rural_area_site,140.429846,49.636469867452135
rural_area_site,140.687714965,51.35108728317956
rural_area_site,140.687714965,51.35108728317956
rural_area_site,142.22560819,45.05166647461505
rural_area_site,142.22560819,45.05166647461505
rural_area_site,142.22560819,45.05166647461505
rural_area_site,142.276560612,49.54973572634227
rural_area_site,142.277181983,49.54995212719358
rural_area_site,143.057623959,50.754651251837984
rural_area_site,143.280074777,43.86124738071429
rural_area_site,143.427961075,48.00043319419913
rural_area_site,143.857949807,57.80006911888393
rural_area_site,143.858571178,57.800318776875
rural_area_site,143.918222794,41.979063527661644
rural_area_site,144.212752648,47.72622812399338
rural_area_site,144.31092926600002,48.34986927478828
rural_area_site,144.31092926600002,48.34986927478828
rural_area_site,144.40289217400002,58.40359643033367
rural_area_site,144.473107097,61.159828968626535
rural_area_site,144.905581313,54.34525395632879
rural_area_site,144.993194624,45.484097302753575
rural_area_site,145.15288697100002,54.38135009840775
rural_area_site,145.15288697100002,54.38135009840775
rural_area_site,145.15288697100002,54.38135009840775
rural_area_site,145.15288697100002,54.38135009840775
rural_area_site,145.702178935,51.218420482960646
rural_area_site,146.061331373,49.85501023445529
rural_area_site,146.585768497,59.73610670015848
rural_area_site,146.585768497,59.73610670015848
rural_area_site,147.0163786,51.42930356233602
rural_area_site,147.098399572,56.82522142495976
rural_area_site,148.019892765,54.692765467925696
rural_area_site,148.10812744700002,52.505096879290996
rural_area_site,148.325607297,56.2786874229764
rural_area_site,148.325607297,56.2786874229764
rural_area_site,148.776101272,50.79608920515933
rural_area_site,148.776101272,50.79608920515933
rural_area_site,148.866200067,45.19847518269376
rural_area_site,149.032106124,49.15847370775151
rural_area_site,149.032727495,49.15867866794942
rural_area_site,149.336577914,49.28148139063159
rural_area_site,149.337199285,49.28168644477037
rural_area_site,150.095271905,59.235143483665865
rural_area_site,150.760138875,50.67094575203062
rural_area_site,150.835324766,50.23193054186864
rural_area_site,150.874471139,47.09104353220045
rural_area_site,151.20441914,54.189737073568935
rural_area_site,151.303217129,52.268648082180206
rural_area_site,151.3038385,52.263847495682214
rural_area_site,151.535609883,55.620737722145186
rural_area_site,151.538716738,51.37873236549256
rural_area_site,151.53995948,55.61666368926496
rural_area_site,151.573513514,54.56100876416359
rural_area_site,151.574756256,54.07483128744426
rural_area_site,151.584698192,42.427687256352044
rural_area_site,151.65180626,44.33183130621194
rural_area_site,151.65180626,44.33183130621194
rural_area_site,152.00288087500002,47.177374872833866
rural_area_site,152.006609101,55.52752843872147
rural_area_site,152.010958698,55.51785039188394
rural_area_site,152.023386118,49.456369964287
rural_area_site,152.023386118,49.456369964287
rural_area_site,152.023386118,49.456369964287
rural_area_site,152.56522163,49.41828305452582
rural_area_site,153.441976111,48.1764446188383
rural_area_site,154.516947941,54.51935828556308
rural_area_site,155.60372582,57.61915377000617
rural_area_site,156.474266591,51.31705928100574
rural_area_site,157.172687595,60.17459059257684
rural_area_site,157.271485584,45.97834563118402
rural_area_site,157.421857366,58.124993488984614
rural_area_site,157.493315031,50.91835959691065
rural_area_site,157.493315031,50.91835959691065
rural_area_site,157.587763423,54.221155340036326
rural_area_site,157.869244486,56.8898178327928
rural_area_site,157.871108599,56.890489585225225
rural_area_site,158.380632819,57.05125856998199
rural_area_site,158.380632819,57.05125856998199
rural_area_site,158.8224276,53.63609187242026
rural_area_site,160.576557933,49.5606660287037
rural_area_site,160.576557933,49.5606660287037
rural_area_site,164.529098864,45.43259614254813
rural_area_site,164.529098864,45.43259614254813
rural_area_site,165.61401263,60.14429995642085
rural_area_site,165.897357806,32.103987964392836
rural_area_site,165.898600548,32.10250279363578
rural_area_site,166.306219924,53.796602724988766
rural_area_site,166.306219924,53.796602724988766
rural_area_site,166.746150592,53.997134310623366
rural_area_site,167.020796574,49.815647693985085
rural_area_site,167.13015787,49.757572637446245
rural_area_site,167.13015787,49.757572637446245
rural_area_site,167.13015787,49.757572637446245
rural_area_site,170.108389073,52.94287202064494
rural_area_site,170.108389073,52.94287202064494
rural_area_site,170.109010444,52.9430654100804
rural_area_site,170.17611851200002,52.46501898117668
rural_area_site,170.17611851200002,52.46501898117668
rural_area_site,171.766828272,48.986816270236865
rural_area_site,172.929413413,56.10037742514193
rural_area_site,174.913451016,52.79077998470825
rural_area_site,174.913451016,52.79077998470825
rural_area_site,175.445965963,58.579621356594316
rural_area_site,176.275496248,53.64258550234996
rural_area_site,176.275496248,53.64258550234996
rural_area_site,176.275496248,53.64258550234996
rural_area_site,176.97578136500002,51.06298091800914
rural_area_site,177.167163633,57.82427824830462
rural_area_site,177.172755972,57.820861345227094
rural_area_site,178.024034242,53.30060905449102
rural_area_site,178.02527698400002,53.30098113293414
rural_area_site,178.025898355,53.301167172155694
rural_area_site,178.138366506,49.1906204971696
rural_area_site,178.15327941,59.09442604588593
rural_area_site,179.688687151,44.529446805506986
rural_area_site,179.708571023,44.51905145078447
rural_area_site,181.812533229,54.448475137209876
rural_area_site,182.69674416200002,54.45055708114911
rural_area_site,182.69674416200002,54.45055708114911
rural_area_site,182.69674416200002,54.45055708114911
rural_area_site,182.833445782,60.11511597544982
rural_area_site,183.114305474,47.92174321797034
rural_area_site,183.360989761,50.04545588624716
rural_area_site,184.075566411,58.94609847710372
rural_area_site,184.075566411,58.94609847710372
rural_area_site,184.426641026,58.301361757428865
rural_area_site,184.426641026,58.301361757428865
rural_area_site,184.467651512,62.73224498802192
rural_area_site,185.014457992,46.77988824070796
rural_area_site,185.014457992,46.77988824070796
rural_area_site,185.014457992,46.77988824070796
rural_area_site,185.161101548,57.558066278628786
rural_area_site,185.161101548,57.558066278628786
rural_area_site,186.058982643,48.278242577108266
rural_area_site,186.072031434,54.987630369594484
rural_area_site,186.438018953,45.6179479528852
rural_area_site,187.306695611,58.11964352694363
rural_area_site,187.307316982,58.11983633297707
rural_area_site,187.462659732,58.59225343247091
rural_area_site,187.986475485,62.778414818738405
rural_area_site,188.935309002,56.24004567613693
rural_area_site,188.935930373,56.240230638564576
rural_area_site,189.04901989500001,44.633818967864634
rural_area_site,189.04901989500001,44.633818967864634
rural_area_site,189.04901989500001,44.633818967864634
rural_area_site,190.337743349,57.26835570885081
rural_area_site,190.337743349,57.26835570885081
rural_area_site,191.100786937,57.9972039262519
rural_area_site,191.434463164,59.04927318913546
rural_area_site,191.515862765,51.88569430719446
rural_area_site,192.447297894,59.11854871733083
rural_area_site,192.657321292,49.04648586742098
rural_area_site,192.879150739,51.4039785801303
rural_area_site,194.19707863,46.09411769420451
rural_area_site,195.080668192,59.16515631770851
rural_area_site,195.813885972,59.663985569123994
rural_area_site,199.510422051,60.18918288641583
rural_area_site,199.719202707,59.06425119076645
rural_area_site,199.719202707,59.06425119076645
rural_area_site,199.756484967,43.91861157207769
rural_area_site,199.797495453,57.95431340188543
rural_area_site,199.797495453,57.95431340188543
rural_area_site,202.397311717,45.86619175256201
rural_area_site,202.404146798,45.86485355780198
rural_area_site,202.474361721,62.251917516064566
rural_area_site,206.902872838,58.67735483037656
rural_area_site,207.509330934,58.38480588998827
rural_area_site,207.509330934,58.38480588998827
rural_area_site,210.446551651,60.26629432372921
rural_area_site,211.970153343,53.56915072199368
rural_area_site,211.97077471400002,53.56930775502984
rural_area_site,212.978017105,57.29921990718182
rural_area_site,212.979259847,57.299554252238245
rural_area_site,213.336548172,60.61654091706393
rural_area_site,213.336548172,60.61654091706393
rural_area_site,213.336548172,60.61654091706393
rural_area_site,215.416276909,60.547985389787634
rural_area_site,218.620687156,49.229653703734286
rural_area_site,220.251786031,57.511164844534704
rural_area_site,220.25240740200002,57.51132709416117
rural_area_site,220.426391282,50.30013999842799
rural_area_site,220.426391282,50.29695180422133
rural_area_site,220.653191697,62.953835006276755
rural_area_site,222.498042196,58.45810479532915
rural_area_site,222.498042196,58.45810479532915
rural_area_site,222.527868004,55.57022230954495
rural_area_site,222.527868004,55.57022230954495
rural_area_site,222.535945827,60.43067096456212
rural_area_site,222.535945827,60.43067096456212
rural_area_site,222.652763575,48.27741666385593
rural_area_site,222.652763575,48.27741666385593
rural_area_site,223.932166464,57.64844102334096
rural_area_site,224.433612861,48.1990697547933
rural_area_site,225.462603237,59.49753494012608
rural_area_site,226.579206924,59.919572829383675
rural_area_site,227.254637201,52.49048466082382
rural_area_site,227.25960816900002,51.21022717879319
rural_area_site,227.983505384,62.853470622024815
rural_area_site,227.988476352,62.85002793990351
rural_area_site,231.840355181,58.89255423734124
rural_area_site,231.842840665,58.89318560499577
rural_area_site,231.851539859,58.88708504955553
rural_area_site,231.905599136,58.028786883269625
rural_area_site,232.738236276,59.29636593019109
rural_area_site,232.738857647,59.296524241273886
rural_area_site,232.812179425,60.244669776451985
rural_area_site,233.217934688,52.277992831681196
rural_area_site,234.423394428,50.564662668711804
rural_area_site,235.302013022,55.383278645256624
rural_area_site,235.302013022,55.383278645256624
rural_area_site,236.178146132,44.33651384863118
rural_area_site,236.17876750300002,44.33663049542682
rural_area_site,236.590115105,55.942490271133
rural_area_site,237.012026014,60.01992780320766
rural_area_site,237.153077231,58.46008477345933
rural_area_site,237.194087717,53.06025699255577
rural_area_site,237.20465102400001,53.04943428504691
rural_area_site,237.335760305,60.85965788859606
rural_area_site,238.060278891,48.35347573953961
rural_area_site,238.270302289,55.23329608759819
rural_area_site,238.578502305,53.27394915630815
rural_area_site,238.829536189,53.42610639908035
rural_area_site,238.83015756,53.42624539961474
rural_area_site,238.83015756,53.42624539961474
rural_area_site,238.83015756,53.42624539961474
rural_area_site,238.83015756,53.42624539961474
rural_area_site,238.974937003,52.06110579187897
rural_area_site,239.226592258,58.79408329661387
rural_area_site,239.288729358,47.77546590254562
rural_area_site,239.288729358,47.77546590254562
rural_area_site,239.288729358,47.77546590254562
rural_area_site,239.288729358,47.77546590254562
rural_area_site,239.288729358,47.77546590254562
rural_area_site,239.298049923,60.11255179141721
rural_area_site,239.342788635,55.51408021944463
rural_area_site,239.640425344,55.575953825832634
rural_area_site,240.30280683,55.67218640761954
rural_area_site,241.399526645,58.30515235974506
rural_area_site,241.399526645,58.30515235974506
rural_area_site,242.702541632,46.0730410185193
rural_area_site,243.405933604,43.859120124851096
rural_area_site,243.405933604,43.859120124851096
rural_area_site,244.931399409,54.005820902333554
rural_area_site,244.931399409,54.005820902333554
rural_area_site,244.931399409,54.005820902333554
rural_area_site,247.686558423,48.497313734515394
rural_area_site,247.686558423,48.497313734515394
rural_area_site,247.69463624600002,59.1274246061667
rural_area_site,247.69463624600002,59.1274246061667
rural_area_site,248.686965733,45.19070600367473
rural_area_site,248.686965733,45.19070600367473
rural_area_site,248.686965733,45.19070600367473
rural_area_site,249.539486745,39.63915422856638
rural_area_site,249.539486745,39.63915422856638
rural_area_site,251.17431384600002,52.894269075495764
rural_area_site,252.430104637,42.94246180385597
rural_area_site,252.942735712,51.70597061854523
rural_area_site,252.94397845400002,51.70622465699847
rural_area_site,252.94397845400002,51.70622465699847
rural_area_site,252.94397845400002,51.70622465699847
rural_area_site,252.94397845400002,51.70622465699847
rural_area_site,253.253421212,57.64493654294385
rural_area_site,253.604495827,52.509126645033646
rural_area_site,253.797120837,56.64411872369498
rural_area_site,253.797120837,56.64411872369498
rural_area_site,254.539659182,52.47038324869446
rural_area_site,254.765216855,53.487769328628914
rural_area_site,255.953278207,53.671470267078284
rural_area_site,255.953278207,53.671470267078284
rural_area_site,256.498841945,53.24928383611095
rural_area_site,256.498841945,53.24928383611095
rural_area_site,256.612552838,63.04546442481403
rural_area_site,256.612552838,63.04546442481403
rural_area_site,257.01768673,55.013001499970265
rural_area_site,257.019550843,55.01340050150424
rural_area_site,257.021414956,55.01379950303823
rural_area_site,260.75336918200003,58.70252823808393
rural_area_site,260.754611924,48.09984642992417
rural_area_site,260.755233295,48.099961050522644
rural_area_site,260.755854666,48.10007567112113
rural_area_site,261.052870004,63.294068697090516
rural_area_site,261.593462774,59.58471787322999
rural_area_site,262.072539815,58.41141303454682
rural_area_site,262.138405141,58.67310734317334
rural_area_site,262.140890625,58.6700159309916
rural_area_site,262.142133367,58.670294070326385
rural_area_site,264.227454443,52.305005828373474
rural_area_site,264.227454443,52.305005828373474
rural_area_site,264.251066541,54.05749741718377
rural_area_site,264.251066541,54.05749741718377
rural_area_site,264.25665888000003,54.607885423798876
rural_area_site,264.757483906,48.773254634203255
rural_area_site,265.132170619,61.69850124294764
rural_area_site,265.132170619,61.69850124294764
rural_area_site,265.542275479,45.59100494679512
rural_area_site,266.814221916,54.18464482978508
rural_area_site,269.276093818,57.45237585164464
rural_area_site,269.683713194,57.95841248274133
rural_area_site,270.321861211,59.400518852444605
rural_area_site,270.362250326,62.03340351648183
rural_area_site,270.587807999,56.499977309692014
rural_area_site,270.595885822,59.56617273811912
rural_area_site,271.128400769,55.53380989806554
rural_area_site,271.460212883,55.7572183704456
rural_area_site,271.460212883,55.7572183704456
rural_area_site,273.003698447,57.924990535109316
rural_area_site,273.101875065,56.57536829520083
rural_area_site,273.101875065,56.57536829520083
rural_area_site,273.172089988,51.48523762927595
rural_area_site,273.592758155,63.05191276858076
rural_area_site,273.592758155,63.05191276858076
rural_area_site,274.276266255,64.16652966714322
rural_area_site,274.895773142,61.94058855299493
rural_area_site,276.236070389,57.22464342274141
rural_area_site,276.728196221,55.66105187147168
rural_area_site,276.728817592,55.66117685390546
rural_area_site,276.97612325,59.53275083288555
rural_area_site,277.511123681,53.23954411146283
rural_area_site,277.828022891,60.50701042998185
rural_area_site,280.011520585,62.413564120240245
rural_area_site,280.642833521,59.83501336544862
rural_area_site,280.67514481300003,47.700067097521604
rural_area_site,281.628949298,47.64847342197575
rural_area_site,281.628949298,47.64847342197575
rural_area_site,281.960761412,58.276423302514644
rural_area_site,281.960761412,58.276423302514644
rural_area_site,285.108626898,59.85485519202239
rural_area_site,286.166821711,54.66995108042878
rural_area_site,286.167443082,54.67006978853746
rural_area_site,286.187948325,50.345807953967935
rural_area_site,286.187948325,50.345807953967935
rural_area_site,289.755860607,53.08774483104484
rural_area_site,289.755860607,53.08774483104484
rural_area_site,289.755860607,53.08774483104484
rural_area_site,289.929844487,45.03570245742147
rural_area_site,289.929844487,45.03570245742147
rural_area_site,290.703451382,55.98825299460732
rural_area_site,290.703451382,55.98825299460732
rural_area_site,290.703451382,55.98825299460732
rural_area_site,295.858966569,58.11919020235731
rural_area_site,295.858966569,58.11919020235731
rural_area_site,298.365577183,52.15168371813945
rural_area_site,298.876965516,46.95017130765807
rural_area_site,298.876965516,46.95017130765807
rural_area_site,299.553638535,47.397727616297466
rural_area_site,299.553638535,47.397727616297466
